timestamp,distance
2024-08-04T03:19:36.912017399Z,8.517000198364258
2024-08-04T03:20:07.019915784Z,8.465999603271484
2024-08-04T03:20:37.126886823Z,8.517000198364258
2024-08-04T03:21:07.22352756Z,8.465999603271484
2024-08-04T03:21:37.31946368Z,8.482999801635742
2024-08-04T03:22:07.416089244Z,8.517000198364258
2024-08-04T03:23:37.669437581Z,8.465999603271484
2024-08-04T03:24:07.766853844Z,8.482999801635742
2024-08-04T03:24:37.863214792Z,8.465999603271484
2024-08-04T03:26:08.117687428Z,8.517000198364258
2024-08-04T03:27:08.293509671Z,8.465999603271484
2024-08-04T03:28:38.547169025Z,15.062000274658203
2024-08-04T03:29:08.645051801Z,15.079000473022461
2024-08-04T03:29:38.742539354Z,17.35700035095215
2024-08-04T03:30:38.920842138Z,22.388999938964844
2024-08-04T03:31:09.020856338Z,22.67799949645996
2024-08-04T03:31:39.118873882Z,22.711999893188477
2024-08-04T03:32:09.217696513Z,25.02400016784668
2024-08-04T03:32:39.320818524Z,25.891000747680664
2024-08-04T03:33:09.415004988Z,26.996000289916992
2024-08-04T03:33:39.51564069Z,28.423999786376953
2024-08-04T03:34:09.61178851Z,28.78100014
2024-08-04T03:34:39.709956762Z,27.573999404907227
2024-08-04T03:35:09.808893982Z,31.892000198364258
2024-08-04T03:35:39.980307332Z,1194.844970703125
2024-08-04T03:36:10.083242968Z,30.072999954223633
2024-08-04T03:36:40.258289812Z,1194.8790283203125
2024-08-04T03:37:10.360698838Z,25.551000595092773
2024-08-04T03:37:40.466856224Z,19.889999389648438
2024-08-04T03:38:10.566492514Z,18.937999725341797
2024-08-04T03:38:40.669335161Z,14.722000122070312
2024-08-04T03:39:10.775326243Z,13.68500042
2024-08-04T03:39:40.874783197Z,10.897000312805176
2024-08-04T03:40:10.976144702Z,10.557000160217285
2024-08-04T03:40:41.077502219Z,8.159999847
2024-08-04T03:41:11.180132112Z,6.2220001220703125
2024-08-04T03:41:41.285298938Z,5.303999900817871
2024-08-04T03:42:11.388441615Z,4.929999828338623
2024-08-04T03:43:11.579142591Z,11.934000015258789
2024-08-04T03:46:12.112326533Z,11.984999656677246
2024-08-04T03:46:42.213286817Z,11.934000015258789
2024-08-04T03:50:12.817920971Z,12.291000366210938
2024-08-04T03:50:42.924017982Z,12.630999565124512
2024-08-04T03:51:13.023146843Z,11.237000465393066
2024-08-04T03:51:43.132908211Z,12.664999961853027
2024-08-04T03:52:13.230987234Z,11.237000465393066
2024-08-04T03:52:43.330048215Z,12.324999809265137
2024-08-04T03:53:13.434138609Z,11.934000015258789
2024-08-04T03:55:13.779091471Z,11.984999656677246
2024-08-04T03:55:43.883620949Z,11.934000015258789
2024-08-04T03:56:13.987922002Z,12.291000366210938
2024-08-04T03:56:44.087742747Z,11.934000015258789
2024-08-04T03:57:14.189388462Z,11.984999656677246
2024-08-04T03:57:44.293947062Z,12.324999809265137
2024-08-04T03:58:14.391411649Z,11.934000015258789
2024-08-04T03:59:44.658858579Z,11.984999656677246
2024-08-04T04:00:14.76048549Z,11.934000015258789
2024-08-04T04:02:15.1129038Z,11.984999656677246
2024-08-04T04:02:45.213818292Z,11.934000015258789
2024-08-04T04:03:15.320752384Z,12.27400016784668
2024-08-04T04:03:45.424446737Z,11.934000015258789
2024-08-04T04:04:15.72616411Z,12.342000007629395
2024-08-04T04:04:45.624798184Z,11.934000015258789
2024-08-04T04:05:15.722659168Z,11.984999656677246
2024-08-04T04:05:45.822513634Z,11.934000015258789
2024-08-04T04:06:15.923512006Z,11.237000465393066
2024-08-04T04:07:16.110218563Z,12.291000366210938
2024-08-04T04:08:16.28691639Z,11.628000259399414
2024-08-04T04:08:46.390471346Z,11.934000015258789
2024-08-04T04:09:16.491014282Z,12.324999809265137
2024-08-04T04:09:46.589448958Z,12.291000366210938
2024-08-04T04:10:46.767124966Z,11.984999656677246
2024-08-04T04:11:16.863506337Z,11.934000015258789
2024-08-04T04:11:46.962613094Z,11.984999656677246
2024-08-04T04:12:17.061999168Z,11.934000015258789
2024-08-04T04:13:17.242466193Z,11.984999656677246
2024-08-04T04:13:47.342695122Z,11.934000015258789
2024-08-04T04:15:17.608052257Z,11.984999656677246
2024-08-04T04:15:47.704175372Z,11.934000015258789
2024-08-04T04:16:17.807157246Z,12.342000007629395
2024-08-04T04:16:47.91153315Z,11.934000015258789
2024-08-04T04:17:48.092266337Z,11.984999656677246
2024-08-04T04:18:48.274770633Z,11.934000015258789
2024-08-04T04:22:18.874617658Z,11.984999656677246
2024-08-04T04:22:48.972482468Z,12.291000366210938
2024-08-04T04:23:19.072296042Z,11.934000015258789
2024-08-04T04:27:49.823890255Z,11.984999656677246
2024-08-04T04:28:50.000575573Z,11.934000015258789
2024-08-04T04:29:20.099483081Z,12.291000366210938
2024-08-04T04:29:50.197156063Z,11.934000015258789
2024-08-04T04:30:20.295507312Z,11.984999656677246
2024-08-04T04:30:50.39377255Z,11.934000015258789
2024-08-04T04:31:20.49335515Z,11.951000213623047
2024-08-04T04:31:50.591068149Z,11.934000015258789
2024-08-04T04:32:50.766676729Z,11.951000213623047
2024-08-04T04:33:20.862961258Z,11.934000015258789
2024-08-04T04:34:51.126994227Z,12.342000007629395
2024-08-04T04:35:21.223397998Z,11.934000015258789
2024-08-04T04:36:21.40124656Z,11.984999656677246
2024-08-04T04:37:21.583536909Z,11.934000015258789
2024-08-04T04:41:52.341249364Z,12.291000366210938
2024-08-04T04:43:22.615685781Z,12.342000007629395
2024-08-04T04:43:52.715471773Z,11.934000015258789
2024-08-04T04:44:52.962453752Z,1194.811035
2024-08-04T04:45:23.13364903Z,1195.1510009765625
2024-08-04T04:45:53.226782395Z,23.885000228881836
2024-08-04T04:46:23.393055959Z,1194.980957
2024-08-04T04:46:53.56328622Z,1195.1510009765625
2024-08-04T04:47:23.735659436Z,1194.980957
2024-08-04T04:47:53.835360646Z,15.062000274658203
2024-08-04T04:48:24.006283903Z,1194.980957
2024-08-04T04:48:54.174574729Z,1194.895996
2024-08-04T04:49:24.344895378Z,1195.185059
2024-08-04T04:49:54.508120839Z,1194.998047
2024-08-04T04:50:24.676045694Z,1195.2869873046875
2024-08-04T04:50:54.845321074Z,1195.031982421875
2024-08-04T04:51:25.016327158Z,1194.8280029296875
2024-08-04T04:51:55.193999304Z,1194.8790283203125
2024-08-04T04:52:25.290270948Z,11.934000015258789
2024-08-04T04:52:55.385739088Z,12.291000366210938
2024-08-04T04:53:25.553478633Z,1195.2530517578125
2024-08-04T04:53:55.718454321Z,1195.2359619140625
2024-08-04T04:54:25.814760257Z,69.27500153
2024-08-04T04:54:55.91236938Z,69.68299865722656
2024-08-04T04:55:26.006376399Z,70.125
2024-08-04T04:55:56.105904026Z,69.75099945
2024-08-04T04:56:26.203824297Z,69.71700286865234
2024-08-04T04:56:56.301803005Z,69.76799774169922
2024-08-04T04:58:56.639195055Z,69.83599853515625
2024-08-04T04:59:26.73757093Z,70.14199829101562
2024-08-04T04:59:56.836252539Z,69.39399719238281
2024-08-04T05:00:26.936241448Z,69.41100311279297
2024-08-04T05:00:57.03569558Z,69.78500366210938
2024-08-04T05:01:27.134259822Z,69.37699890136719
2024-08-04T05:01:57.235411622Z,69.36000061035156
2024-08-04T05:02:27.409406725Z,68.98600006103516
2024-08-04T05:02:57.439868229Z,70.22699737548828
2024-08-04T05:03:27.536133837Z,70.65200043
2024-08-04T05:03:57.636516986Z,69.41100311279297
2024-08-04T05:04:27.737251684Z,69.80200195
2024-08-04T05:04:57.837494069Z,69.37699890136719
2024-08-04T05:05:27.937648206Z,69.85299682617188
2024-08-04T05:05:58.039687138Z,70.1760025
2024-08-04T05:06:28.141293312Z,69.41100311279297
2024-08-04T05:06:58.239481904Z,70.20999908447266
2024-08-04T05:07:28.339324847Z,69.41100311279297
2024-08-04T05:07:58.441995979Z,70.22699737548828
2024-08-04T05:08:28.548036958Z,69.75099945
2024-08-04T05:08:58.652204819Z,70.60099792480469
2024-08-04T05:09:28.752542223Z,70.20999908447266
2024-08-04T05:09:58.856071256Z,69.39399719238281
2024-08-04T05:10:28.956910298Z,69.78500366210938
2024-08-04T05:10:59.058335607Z,69.41100311279297
2024-08-04T05:11:59.241842987Z,69.83599853515625
2024-08-04T05:12:29.343037801Z,69.37699890136719
2024-08-04T05:12:59.446881413Z,69.41100311279297
2024-08-04T05:13:29.557434896Z,69.36000061035156
2024-08-04T05:13:59.661543807Z,69.93800354003906
2024-08-04T05:14:29.770337902Z,69.88700103759766
2024-08-04T05:14:59.873435791Z,69.58100128173828
2024-08-04T05:15:29.976699065Z,69.61499786376953
2024-08-04T05:16:00.076843211Z,69.97200012207031
2024-08-04T05:16:30.177552263Z,69.95500183105469
2024-08-04T05:17:00.277146761Z,69.13899993896484
2024-08-04T05:17:30.376467105Z,69.51300048828125
2024-08-04T05:18:00.475635914Z,70.78800201416016
2024-08-04T05:18:30.576287303Z,69.51300048828125
2024-08-04T05:19:00.67355462Z,70.34600067138672
2024-08-04T05:19:30.771463059Z,69.92099762
2024-08-04T05:20:00.871567666Z,69.54699707
2024-08-04T05:20:30.971348687Z,69.92099762
2024-08-04T05:21:01.140459751Z,1195.626953
2024-08-04T05:21:31.234366426Z,7.547999858856201
2024-08-04T05:22:01.328407073Z,4.335000038146973
2024-08-04T05:23:01.501258041Z,6.2220001220703125
2024-08-04T05:23:31.596159449Z,6.2729997634887695
2024-08-04T05:24:31.771179949Z,6.2220001220703125
2024-08-04T05:27:02.167952276Z,6.256000042
2024-08-04T05:27:32.268348845Z,6.2220001220703125
2024-08-04T05:28:32.438669701Z,6.2729997634887695
2024-08-04T05:29:02.532159369Z,6.2220001220703125
2024-08-04T05:29:32.62670092Z,6.868000030517578
2024-08-04T05:30:32.792615055Z,6.9019999504089355
2024-08-04T05:31:32.964407067Z,5.899000168
2024-08-04T05:32:03.067017507Z,5.933000087738037
2024-08-04T05:32:33.162903294Z,5.899000168
2024-08-04T05:33:03.261516031Z,5.933000087738037
2024-08-04T05:33:33.35626042Z,5.626999855041504
2024-08-04T05:34:03.452367029Z,5.576000213623047
2024-08-04T05:35:03.629075082Z,5.626999855041504
2024-08-04T05:35:33.726171737Z,5.576000213623047
2024-08-04T05:36:03.81693412Z,5.626999855041504
2024-08-04T05:36:33.913533053Z,5.576000213623047
2024-08-04T05:37:34.085954696Z,5.626999855041504
2024-08-04T05:38:04.179732876Z,5.303999900817871
2024-08-04T05:39:04.352828239Z,5.252999782562256
2024-08-04T05:39:34.448862996Z,5.303999900817871
2024-08-04T05:40:34.631873248Z,5.252999782562256
2024-08-04T05:41:34.807942193Z,5.303999900817871
2024-08-04T05:42:04.906093935Z,5.252999782562256
2024-08-04T05:42:35.000906803Z,5.303999900817871
2024-08-04T05:45:05.40561672Z,5.252999782562256
2024-08-04T05:46:05.592632495Z,5.303999900817871
2024-08-04T05:49:06.091749006Z,5.252999782562256
2024-08-04T05:50:36.339218398Z,5.303999900817871
2024-08-04T05:51:36.509396835Z,5.252999782562256
2024-08-04T05:52:06.602858067Z,5.303999900817871
2024-08-04T05:54:37.010911328Z,5.252999782562256
2024-08-04T05:55:07.103918118Z,5.303999900817871
2024-08-04T05:55:37.198549999Z,5.252999782562256
2024-08-04T05:56:07.291547843Z,5.303999900817871
2024-08-04T05:57:07.465616005Z,5.252999782562256
2024-08-04T05:57:37.555800416Z,5.303999900817871
2024-08-04T05:59:37.884461586Z,5.252999782562256
2024-08-04T06:00:07.980526194Z,5.303999900817871
2024-08-04T06:01:38.236540771Z,5.252999782562256
2024-08-04T06:02:08.34032156Z,5.303999900817871
2024-08-04T06:02:38.434359314Z,5.252999782562256
2024-08-04T06:03:38.613836707Z,5.303999900817871
2024-08-04T06:06:09.03028097Z,5.252999782562256
2024-08-04T06:06:39.129155601Z,5.303999900817871
2024-08-04T06:08:09.3875339Z,5.252999782562256
2024-08-04T06:08:39.47890501Z,5.303999900817871
2024-08-04T06:10:39.807593947Z,5.610000133514404
2024-08-04T06:11:09.903230987Z,5.303999900817871
2024-08-04T06:11:40.000084433Z,5.626999855041504
2024-08-04T06:12:10.095932313Z,5.610000133514404
2024-08-04T06:12:40.192956522Z,5.303999900817871
2024-08-04T06:13:10.289983962Z,5.610000133514404
2024-08-04T06:13:40.389303801Z,5.303999900817871
2024-08-04T06:14:40.563024068Z,5.576000213623047
2024-08-04T06:15:10.660024774Z,5.626999855041504
2024-08-04T06:16:10.835836166Z,5.303999900817871
2024-08-04T06:18:11.173145382Z,5.610000133514404
2024-08-04T06:18:41.269742651Z,5.576000213623047
2024-08-04T06:19:11.373921987Z,5.2870001792907715
2024-08-04T06:19:41.467429022Z,5.610000133514404
2024-08-04T06:20:11.564368039Z,5.252999782562256
2024-08-04T06:20:41.735313679Z,1194.675048828125
2024-08-04T06:21:11.903419261Z,1194.147949
2024-08-04T06:21:42.079168033Z,1194.25
2024-08-04T06:22:12.257430622Z,1194.947021484375
2024-08-04T06:22:42.427639824Z,1194.8790283203125
2024-08-04T06:23:12.600065504Z,1194.760009765625
2024-08-04T06:23:42.77290272Z,1194.811035
2024-08-04T06:24:12.94630905Z,1194.862060546875
2024-08-04T06:24:43.11873193Z,1195.2530517578125
2024-08-04T06:25:13.292395719Z,1194.8280029296875
2024-08-04T06:25:43.470279609Z,1194.572998046875
2024-08-04T06:26:13.641303047Z,1194.760009765625
2024-08-04T06:26:43.810850412Z,1194.9300537109375
2024-08-04T06:27:13.983442622Z,1195.0150146484375
2024-08-04T06:27:44.15042691Z,1195.2530517578125
2024-08-04T06:28:14.318444858Z,1195.2869873046875
2024-08-04T06:28:44.489146262Z,1195.0489501953125
2024-08-04T06:29:14.660558996Z,1194.7769775390625
2024-08-04T06:29:44.832674788Z,1195.27002
2024-08-04T06:30:14.998820193Z,1194.8280029296875
2024-08-04T06:30:45.167401065Z,1195.0660400390625
2024-08-04T06:31:15.336236287Z,1195.031982421875
2024-08-04T06:31:45.509925159Z,1195.0999755859375
2024-08-04T06:32:15.676094829Z,1195.0660400390625
2024-08-04T06:32:45.805540288Z,509.6260070800781
2024-08-04T06:33:15.973976687Z,1195.0489501953125
2024-08-04T06:33:46.142479377Z,1195.031982421875
2024-08-04T06:34:16.311178666Z,1195.218994140625
2024-08-04T06:34:46.479340438Z,1195.321044921875
2024-08-04T06:35:16.647966457Z,1195.1510009765625
2024-08-04T06:35:46.816646547Z,1194.998047
2024-08-04T06:36:16.987863534Z,1195.3890380859375
2024-08-04T06:36:47.15797417Z,1195.218994140625
2024-08-04T06:37:17.328764304Z,1195.1510009765625
2024-08-04T06:37:47.4983855Z,1194.9129638671875
2024-08-04T06:38:17.668463663Z,1195.2359619140625
2024-08-04T06:38:47.837429776Z,1195.2020263671875
2024-08-04T06:39:18.010057108Z,1195.0660400390625
2024-08-04T06:39:48.17960836Z,1195.3890380859375
2024-08-04T06:40:18.354292144Z,1194.980957
2024-08-04T06:40:48.527001105Z,1195.303955078125
2024-08-04T06:41:18.694490175Z,1195.406005859375
2024-08-04T06:41:48.865587954Z,1195.218994140625
2024-08-04T06:42:19.037665499Z,1195.0660400390625
2024-08-04T06:42:49.208556882Z,1195.1510009765625
2024-08-04T06:43:19.377987377Z,1195.2869873046875
2024-08-04T06:43:49.547579535Z,1195.0999755859375
2024-08-04T06:44:19.717679724Z,1194.998047
2024-08-04T06:44:49.89034824Z,1195.167969
2024-08-04T06:45:20.060411307Z,1195.134033203125
2024-08-04T06:45:50.231372509Z,1194.862060546875
2024-08-04T06:46:20.403169349Z,1194.9639892578125
2024-08-04T06:46:50.576516747Z,1195.2530517578125
2024-08-04T06:47:20.754138149Z,1194.844970703125
2024-08-04T06:47:50.932116265Z,1195.031982421875
2024-08-04T06:48:21.104675116Z,1194.793945
2024-08-04T06:48:51.278050536Z,1195.083008
2024-08-04T06:49:21.454740704Z,1195.185059
2024-08-04T06:49:51.626106078Z,1195.116943359375
2024-08-04T06:50:21.797297448Z,1195.406005859375
2024-08-04T06:50:51.967898536Z,1194.947021484375
2024-08-04T06:51:22.134428248Z,1195.35498
2024-08-04T06:51:52.305773425Z,1195.5760498046875
2024-08-04T06:52:22.4700491Z,1195.218994140625
2024-08-04T06:52:52.639344832Z,1195.134033203125
2024-08-04T06:53:22.766826245Z,510.42498779296875
2024-08-04T06:53:52.935987983Z,1195.321044921875
2024-08-04T06:54:23.104452851Z,1195.4739990234375
2024-08-04T06:54:53.272575529Z,1195.4229736328125
2024-08-04T06:55:23.444982331Z,1194.998047
2024-08-04T06:55:53.608986229Z,1195.35498
2024-08-04T06:56:23.774902784Z,1195.303955078125
2024-08-04T06:56:53.942627348Z,1195.4739990234375
2024-08-04T06:57:24.110462738Z,1195.2359619140625
2024-08-04T06:57:54.277959942Z,1195.27002
2024-08-04T06:58:24.445045894Z,1195.490966796875
2024-08-04T06:58:54.613977917Z,1195.406005859375
2024-08-04T06:59:24.782674288Z,1194.998047
2024-08-04T06:59:54.949736997Z,1195.3890380859375
2024-08-04T07:00:25.118676712Z,1195.35498
2024-08-04T07:00:55.289221599Z,1195.3890380859375
2024-08-04T07:01:25.457592769Z,1195.2020263671875
2024-08-04T07:01:55.626216429Z,1195.6610107421875
2024-08-04T07:02:25.794527672Z,1195.5250244140625
2024-08-04T07:02:56.036290467Z,1195.218994140625
2024-08-04T07:03:26.130970946Z,1195.27002
2024-08-04T07:03:56.301365217Z,1194.8280029296875
2024-08-04T07:04:26.470463445Z,1195.1510009765625
2024-08-04T07:04:56.638194314Z,1195.0999755859375
2024-08-04T07:05:26.806584461Z,1195.3890380859375
2024-08-04T07:05:56.975956987Z,1195.541992
2024-08-04T07:06:27.145568003Z,1195.2020263671875
2024-08-04T07:06:57.313211557Z,1195.4229736328125
2024-08-04T07:07:27.410028992Z,4.980999946594238
2024-08-04T07:07:57.50385691Z,4.964000225067139
2024-08-04T07:08:27.599524729Z,4.980999946594238
2024-08-04T07:10:27.922829988Z,4.929999828338623
2024-08-04T07:11:28.094690145Z,4.980999946594238
2024-08-04T07:11:58.192089112Z,4.929999828338623
2024-08-04T07:12:28.287385771Z,4.980999946594238
2024-08-04T07:12:58.38715099Z,4.964000225067139
2024-08-04T07:15:28.803011682Z,4.980999946594238
2024-08-04T07:16:28.972424482Z,4.964000225067139
2024-08-04T07:16:59.06807684Z,4.980999946594238
2024-08-04T07:18:29.322673539Z,6.561999797821045
2024-08-04T07:18:59.416327783Z,6.545000076293945
2024-08-04T07:19:29.510992771Z,6.5960001945495605
2024-08-04T07:19:59.608086382Z,6.578999996185303
2024-08-04T07:20:29.705512157Z,6.545000076293945
2024-08-04T07:21:29.879762208Z,6.5960001945495605
2024-08-04T07:21:59.974375892Z,6.545000076293945
2024-08-04T07:23:30.225871375Z,6.578999996185303
2024-08-04T07:24:00.323588727Z,6.545000076293945
2024-08-04T07:24:30.424178664Z,6.578999996185303
2024-08-04T07:25:00.520900445Z,6.5960001945495605
2024-08-04T07:25:30.620954986Z,6.545000076293945
2024-08-04T07:26:00.712868479Z,6.578999996185303
2024-08-04T07:27:00.886926157Z,6.5960001945495605
2024-08-04T07:27:30.98326917Z,6.545000076293945
2024-08-04T07:28:01.079097221Z,6.5960001945495605
2024-08-04T07:28:31.1736674Z,6.545000076293945
2024-08-04T07:29:01.268201939Z,6.2220001220703125
2024-08-04T07:29:31.36481745Z,6.2729997634887695
2024-08-04T07:30:01.460787143Z,6.2220001220703125
2024-08-04T07:30:31.556896958Z,4.929999828338623
2024-08-04T07:31:31.731204606Z,4.980999946594238
2024-08-04T07:32:31.901715524Z,4.964000225067139
2024-08-04T07:33:01.996474141Z,4.929999828338623
2024-08-04T07:33:32.088026661Z,4.980999946594238
2024-08-04T07:34:32.260002725Z,4.929999828338623
2024-08-04T07:35:02.359084671Z,5.933000087738037
2024-08-04T07:35:32.457845253Z,5.626999855041504
2024-08-04T07:36:02.555780272Z,5.576000213623047
2024-08-04T07:37:02.732445502Z,5.626999855041504
2024-08-04T07:39:33.1484341Z,5.576000213623047
2024-08-04T07:41:03.398452792Z,6.2729997634887695
2024-08-04T07:41:33.492519211Z,6.2220001220703125
2024-08-04T07:42:03.586307119Z,6.2729997634887695
2024-08-04T07:43:33.835448188Z,6.545000076293945
2024-08-04T07:44:03.928784753Z,6.578999996185303
2024-08-04T07:44:34.024122641Z,6.2729997634887695
2024-08-04T07:45:04.121171502Z,6.578999996185303
2024-08-04T07:45:34.21611446Z,6.5960001945495605
2024-08-04T07:46:34.391023567Z,6.545000076293945
2024-08-04T07:47:04.48107569Z,6.5960001945495605
2024-08-04T07:47:34.57572016Z,6.578999996185303
2024-08-04T07:48:04.66866809Z,6.5960001945495605
2024-08-04T07:48:34.767130665Z,6.545000076293945
2024-08-04T07:49:04.861393801Z,6.5960001945495605
2024-08-04T07:49:34.955384575Z,6.578999996185303
2024-08-04T07:50:05.055395182Z,6.5960001945495605
2024-08-04T07:50:35.149728165Z,6.545000076293945
2024-08-04T07:51:05.248360205Z,6.5960001945495605
2024-08-04T07:51:35.342552632Z,6.578999996185303
2024-08-04T07:52:05.438654902Z,6.5960001945495605
2024-08-04T07:52:35.535528429Z,6.545000076293945
2024-08-04T07:53:35.710996523Z,6.5960001945495605
2024-08-04T07:54:35.893030216Z,6.545000076293945
2024-08-04T07:56:06.151921975Z,6.578999996185303
2024-08-04T07:56:36.246366424Z,6.545000076293945
2024-08-04T07:57:36.424127598Z,6.5960001945495605
2024-08-04T07:58:06.516351172Z,6.545000076293945
2024-08-04T07:58:36.614346182Z,6.5960001945495605
2024-08-04T07:59:36.798590118Z,6.545000076293945
2024-08-04T08:00:06.894881315Z,6.578999996185303
2024-08-04T08:00:36.989956999Z,6.545000076293945
2024-08-04T08:01:07.090086037Z,10.897000312805176
2024-08-04T08:02:07.269261876Z,10.913999557495117
2024-08-04T08:03:07.457436065Z,10.897000312805176
2024-08-04T08:03:37.556269408Z,10.913999557495117
2024-08-04T08:04:07.654864699Z,10.897000312805176
2024-08-04T08:05:37.914619488Z,10.913999557495117
2024-08-04T08:06:08.008977541Z,10.947999954223633
2024-08-04T08:06:38.102011303Z,10.897000312805176
2024-08-04T08:07:08.196270847Z,10.947999954223633
2024-08-04T08:08:08.377392473Z,10.897000312805176
2024-08-04T08:08:38.46708633Z,10.947999954223633
2024-08-04T08:09:08.561472597Z,10.913999557495117
2024-08-04T08:09:38.654429653Z,10.947999954223633
2024-08-04T08:10:08.749353815Z,10.897000312805176
2024-08-04T08:10:38.846205564Z,10.913999557495117
2024-08-04T08:11:08.9495578Z,10.897000312805176
2024-08-04T08:13:09.260008599Z,10.96500015258789
2024-08-04T08:13:39.354139648Z,10.897000312805176
2024-08-04T08:15:09.605556871Z,10.947999954223633
2024-08-04T08:16:09.778970513Z,10.897000312805176
2024-08-04T08:17:40.034713292Z,10.930999755859375
2024-08-04T08:18:10.135692636Z,10.947999954223633
2024-08-04T08:19:10.310507285Z,10.913999557495117
2024-08-04T08:19:40.402779952Z,10.947999954223633
2024-08-04T08:21:10.65243005Z,10.897000312805176
2024-08-04T08:21:40.749531458Z,10.947999954223633
2024-08-04T08:22:10.845645143Z,10.897000312805176
2024-08-04T08:22:40.942399172Z,10.947999954223633
2024-08-04T08:23:11.041831306Z,10.897000312805176
2024-08-04T08:24:11.22440684Z,10.913999557495117
2024-08-04T08:24:41.322363872Z,10.897000312805176
2024-08-04T08:25:11.420558938Z,10.913999557495117
2024-08-04T08:25:41.517359964Z,10.897000312805176
2024-08-04T08:26:11.611692606Z,10.947999954223633
2024-08-04T08:26:41.708099097Z,10.897000312805176
2024-08-04T08:28:11.964413912Z,10.947999954223633
2024-08-04T08:30:12.30608343Z,10.897000312805176
2024-08-04T08:31:42.559820505Z,10.947999954223633
2024-08-04T08:32:12.657973509Z,10.897000312805176
2024-08-04T08:32:42.754354635Z,10.947999954223633
2024-08-04T08:33:12.855874154Z,10.897000312805176
2024-08-04T08:34:13.037918823Z,10.913999557495117
2024-08-04T08:34:43.133538524Z,10.897000312805176
2024-08-04T08:35:13.228853576Z,10.947999954223633
2024-08-04T08:35:43.32554582Z,10.897000312805176
2024-08-04T08:38:13.744077854Z,10.913999557495117
2024-08-04T08:38:43.842291227Z,10.897000312805176
2024-08-04T08:40:14.100840825Z,10.947999954223633
2024-08-04T08:40:44.206228567Z,10.897000312805176
2024-08-04T08:41:44.380937961Z,10.947999954223633
2024-08-04T08:42:14.478959831Z,10.897000312805176
2024-08-04T08:43:14.661800587Z,10.947999954223633
2024-08-04T08:43:44.76661536Z,10.913999557495117
2024-08-04T08:44:44.951928533Z,10.897000312805176
2024-08-04T08:45:15.048648621Z,10.947999954223633
2024-08-04T08:45:45.146535498Z,10.913999557495117
2024-08-04T08:46:45.319448982Z,10.947999954223633
2024-08-04T08:48:45.664555666Z,10.913999557495117
2024-08-04T08:50:15.92311796Z,10.947999954223633
2024-08-04T08:50:46.018558478Z,10.897000312805176
2024-08-04T08:51:46.197551817Z,10.947999954223633
2024-08-04T08:52:16.293505119Z,10.897000312805176
2024-08-04T08:52:46.389577943Z,10.947999954223633
2024-08-04T08:53:46.570413022Z,10.897000312805176
2024-08-04T08:54:46.747486467Z,10.913999557495117
2024-08-04T08:55:46.922947892Z,10.947999954223633
2024-08-04T08:56:17.019886199Z,10.913999557495117
2024-08-04T08:56:47.1153151Z,10.897000312805176
2024-08-04T08:57:17.207586043Z,10.913999557495117
2024-08-04T08:57:47.302561287Z,10.897000312805176
2024-08-04T08:58:17.401803625Z,10.947999954223633
2024-08-04T09:00:17.728911868Z,10.897000312805176
2024-08-04T09:01:17.911277637Z,10.913999557495117
2024-08-04T09:01:48.006546363Z,10.897000312805176
2024-08-04T09:02:48.188733156Z,10.913999557495117
2024-08-04T09:04:18.443441022Z,10.947999954223633
2024-08-04T09:04:48.541329945Z,10.913999557495117
2024-08-04T09:05:18.633599263Z,10.897000312805176
2024-08-04T09:07:18.965365765Z,10.947999954223633
2024-08-04T09:07:49.059715561Z,10.897000312805176
2024-08-04T09:08:19.155201739Z,10.947999954223633
2024-08-04T09:09:19.331062704Z,10.913999557495117
2024-08-04T09:09:49.428526417Z,10.947999954223633
2024-08-04T09:10:19.527096148Z,10.913999557495117
2024-08-04T09:11:19.70954688Z,10.947999954223633
2024-08-04T09:11:49.807620364Z,10.897000312805176
2024-08-04T09:12:49.980756912Z,10.913999557495117
2024-08-04T09:13:20.078182391Z,10.897000312805176
2024-08-04T09:13:50.180560855Z,10.96500015258789
2024-08-04T09:14:20.272873421Z,10.913999557495117
2024-08-04T09:14:50.371067241Z,11.593999862670898
2024-08-04T09:16:20.624506632Z,12.307999610900879
2024-08-04T09:16:50.718733822Z,12.291000366210938
2024-08-04T09:17:20.81481781Z,12.699000358581543
2024-08-04T09:17:50.912301136Z,12.64799976348877
2024-08-04T09:18:21.009182086Z,10.947999954223633
2024-08-04T09:19:21.177943811Z,10.897000312805176
2024-08-04T09:19:51.273171683Z,10.913999557495117
2024-08-04T09:20:51.45300701Z,10.897000312805176
2024-08-04T09:21:51.631288139Z,10.913999557495117
2024-08-04T09:23:51.97435986Z,10.947999954223633
2024-08-04T09:24:22.072492454Z,10.913999557495117
2024-08-04T09:24:52.172934146Z,10.947999954223633
2024-08-04T09:25:22.271972335Z,10.897000312805176
2024-08-04T09:25:52.365798955Z,10.947999954223633
2024-08-04T09:26:22.46334963Z,10.913999557495117
2024-08-04T09:28:22.794564935Z,10.947999954223633
2024-08-04T09:28:52.890689635Z,10.913999557495117
2024-08-04T09:29:53.063640908Z,10.96500015258789
2024-08-04T09:30:23.159052606Z,11.645000457763672
2024-08-04T09:30:53.259724885Z,11.593999862670898
2024-08-04T09:32:23.52182995Z,11.645000457763672
2024-08-04T09:32:53.621022028Z,11.593999862670898
2024-08-04T09:33:23.717725912Z,11.645000457763672
2024-08-04T09:33:53.813784759Z,11.593999862670898
2024-08-04T09:36:24.232140967Z,11.951000213623047
2024-08-04T09:36:54.325397726Z,11.645000457763672
2024-08-04T09:37:24.42421523Z,11.593999862670898
2024-08-04T09:40:24.922830055Z,11.628000259399414
2024-08-04T09:40:55.017485105Z,11.593999862670898
2024-08-04T09:41:55.19236459Z,11.645000457763672
2024-08-04T09:42:25.294363641Z,11.593999862670898
2024-08-04T09:42:55.396419336Z,11.934000015258789
2024-08-04T09:43:25.495307977Z,11.951000213623047
2024-08-04T09:43:55.595325571Z,11.593999862670898
2024-08-04T09:46:26.018810576Z,11.984999656677246
2024-08-04T09:46:56.116877713Z,11.593999862670898
2024-08-04T09:47:26.223081899Z,11.984999656677246
2024-08-04T09:47:56.315600726Z,11.934000015258789
2024-08-04T09:48:26.412563707Z,11.645000457763672
2024-08-04T09:48:56.508098959Z,11.934000015258789
2024-08-04T09:49:26.603758593Z,11.593999862670898
2024-08-04T09:49:56.702214792Z,11.645000457763672
2024-08-04T09:50:26.795774784Z,11.951000213623047
2024-08-04T09:50:56.893144525Z,11.645000457763672
2024-08-04T09:51:26.989054832Z,11.593999862670898
2024-08-04T09:52:27.16283782Z,11.951000213623047
2024-08-04T09:53:27.336237948Z,11.593999862670898
2024-08-04T09:53:57.431929147Z,11.645000457763672
2024-08-04T09:54:27.528159582Z,11.934000015258789
2024-08-04T09:54:57.623270117Z,11.951000213623047
2024-08-04T09:55:57.803323125Z,11.934000015258789
2024-08-04T09:56:57.982273588Z,11.951000213623047
2024-08-04T09:57:28.077297932Z,11.934000015258789
2024-08-04T09:57:58.17447032Z,11.984999656677246
2024-08-04T09:58:28.276866041Z,11.934000015258789
2024-08-04T09:59:58.536182299Z,11.984999656677246
2024-08-04T10:01:28.800786051Z,11.934000015258789
2024-08-04T10:01:58.900416115Z,11.593999862670898
2024-08-04T10:02:28.998957342Z,11.934000015258789
2024-08-04T10:02:59.098372407Z,11.593999862670898
2024-08-04T10:04:29.357305228Z,11.645000457763672
2024-08-04T10:04:59.462309269Z,11.628000259399414
2024-08-04T10:05:29.560709962Z,11.645000457763672
2024-08-04T10:05:59.659437531Z,11.593999862670898
2024-08-04T10:06:59.840099175Z,11.645000457763672
2024-08-04T10:08:00.015899799Z,11.593999862670898
2024-08-04T10:09:30.282989987Z,11.645000457763672
2024-08-04T10:10:00.380923953Z,11.593999862670898
2024-08-04T10:11:00.561697932Z,11.645000457763672
2024-08-04T10:11:30.662914862Z,11.593999862670898
2024-08-04T10:13:30.996523077Z,11.645000457763672
2024-08-04T10:14:01.092383994Z,11.593999862670898
2024-08-04T10:15:31.350407166Z,11.645000457763672
2024-08-04T10:16:01.447269252Z,11.593999862670898
2024-08-04T10:17:01.633037396Z,11.645000457763672
2024-08-04T10:18:01.805144994Z,11.593999862670898
2024-08-04T10:21:32.377238759Z,11.645000457763672
2024-08-04T10:23:02.634271176Z,11.593999862670898
2024-08-04T10:25:33.058575519Z,11.645000457763672
2024-08-04T10:26:03.154898165Z,11.593999862670898
2024-08-04T10:27:33.405356579Z,11.645000457763672
2024-08-04T10:28:03.501202288Z,11.593999862670898
2024-08-04T10:30:33.929636522Z,11.645000457763672
2024-08-04T10:32:04.184406798Z,11.593999862670898
2024-08-04T10:32:34.275963632Z,11.645000457763672
2024-08-04T10:33:04.373032099Z,11.593999862670898
2024-08-04T10:34:34.628996452Z,11.645000457763672
2024-08-04T10:35:04.726456814Z,11.593999862670898
2024-08-04T10:35:34.824542555Z,11.645000457763672
2024-08-04T10:36:04.919902155Z,11.593999862670898
2024-08-04T10:37:05.097036106Z,11.984999656677246
2024-08-04T10:37:35.196616601Z,11.593999862670898
2024-08-04T10:38:05.293248789Z,11.645000457763672
2024-08-04T10:40:05.634275577Z,11.593999862670898
2024-08-04T10:41:05.812963427Z,11.645000457763672
2024-08-04T10:41:35.905080269Z,11.593999862670898
2024-08-04T10:43:36.24549957Z,11.645000457763672
2024-08-04T10:44:06.337655594Z,11.593999862670898
2024-08-04T10:44:36.435072351Z,11.645000457763672
2024-08-04T10:45:06.535854834Z,11.593999862670898
2024-08-04T10:45:36.636393099Z,11.645000457763672
2024-08-04T10:46:06.737503046Z,11.593999862670898
2024-08-04T10:46:36.837988994Z,11.645000457763672
2024-08-04T10:47:06.937868194Z,11.593999862670898
2024-08-04T10:51:37.693862956Z,11.645000457763672
2024-08-04T10:52:07.791126238Z,11.593999862670898
2024-08-04T10:53:38.052876807Z,11.645000457763672
2024-08-04T10:54:38.239531283Z,11.593999862670898
2024-08-04T10:55:08.331977911Z,11.645000457763672
2024-08-04T10:56:08.519383895Z,11.593999862670898
2024-08-04T10:56:38.616809903Z,11.645000457763672
2024-08-04T10:57:08.71810024Z,11.593999862670898
2024-08-04T10:59:09.061801313Z,11.645000457763672
2024-08-04T10:59:39.161967194Z,11.593999862670898
2024-08-04T11:00:09.260613626Z,11.645000457763672
2024-08-04T11:00:39.364160621Z,11.593999862670898
2024-08-04T11:01:39.545782036Z,11.645000457763672
2024-08-04T11:02:39.722639034Z,11.593999862670898
2024-08-04T11:03:09.820547569Z,11.645000457763672
2024-08-04T11:03:39.919279614Z,11.593999862670898
2024-08-04T11:05:40.261059778Z,11.934000015258789
2024-08-04T11:06:10.354444378Z,11.984999656677246
2024-08-04T11:06:40.453385927Z,11.951000213623047
2024-08-04T11:07:10.552191005Z,11.934000015258789
2024-08-04T11:07:40.649279282Z,11.593999862670898
2024-08-04T11:08:10.750447951Z,11.984999656677246
2024-08-04T11:08:40.855300328Z,11.934000015258789
2024-08-04T11:09:41.043034456Z,11.951000213623047
2024-08-04T11:10:11.148286621Z,11.57699966430664
2024-08-04T11:10:41.247838627Z,11.593999862670898
2024-08-04T11:11:11.348899466Z,11.984999656677246
2024-08-04T11:11:41.447990045Z,11.934000015258789
2024-08-04T11:12:11.54944953Z,11.984999656677246
2024-08-04T11:12:41.651306229Z,11.951000213623047
2024-08-04T11:13:11.752502592Z,11.934000015258789
2024-08-04T11:14:11.943463453Z,11.984999656677246
2024-08-04T11:14:42.03880513Z,11.951000213623047
2024-08-04T11:15:12.13685946Z,11.593999862670898
2024-08-04T11:15:42.236696483Z,11.984999656677246
2024-08-04T11:16:12.334571232Z,11.645000457763672
2024-08-04T11:16:42.438018689Z,11.951000213623047
2024-08-04T11:17:12.531601208Z,11.934000015258789
2024-08-04T11:18:12.713076957Z,11.593999862670898
2024-08-04T11:18:42.814445235Z,11.628000259399414
2024-08-04T11:19:42.99384783Z,11.593999862670898
2024-08-04T11:21:13.253287104Z,11.628000259399414
2024-08-04T11:21:43.350815833Z,11.934000015258789
2024-08-04T11:22:13.447754322Z,11.984999656677246
2024-08-04T11:22:43.549258639Z,11.934000015258789
2024-08-04T11:23:13.651923523Z,11.593999862670898
2024-08-04T11:23:43.751429901Z,11.984999656677246
2024-08-04T11:24:13.852024506Z,11.934000015258789
2024-08-04T11:25:14.036726453Z,11.593999862670898
2024-08-04T11:25:44.13570083Z,11.984999656677246
2024-08-04T11:26:14.237506557Z,11.951000213623047
2024-08-04T11:26:44.341094552Z,11.593999862670898
2024-08-04T11:27:14.507960463Z,11.628000259399414
2024-08-04T11:28:14.638094715Z,11.593999862670898
2024-08-04T11:29:14.825804223Z,11.628000259399414
2024-08-04T11:29:44.92602578Z,11.984999656677246
2024-08-04T11:30:15.030910975Z,11.628000259399414
2024-08-04T11:30:45.136331985Z,11.57699966430664
2024-08-04T11:31:15.239092749Z,11.593999862670898
2024-08-04T11:31:45.337798568Z,11.934000015258789
2024-08-04T11:33:15.605049396Z,11.951000213623047
2024-08-04T11:33:45.704461803Z,11.593999862670898
2024-08-04T11:34:45.887594047Z,11.645000457763672
2024-08-04T11:35:15.985759052Z,11.593999862670898
2024-08-04T11:36:16.163479676Z,11.645000457763672
2024-08-04T11:36:46.260680432Z,11.593999862670898
2024-08-04T11:38:16.552563529Z,11.934000015258789
2024-08-04T11:38:46.616406023Z,11.593999862670898
2024-08-04T11:39:16.709470418Z,11.645000457763672
2024-08-04T11:40:16.884610579Z,11.593999862670898
2024-08-04T11:41:47.144819506Z,11.951000213623047
2024-08-04T11:42:17.24148777Z,11.984999656677246
2024-08-04T11:43:17.42250404Z,11.934000015258789
2024-08-04T11:44:47.692270227Z,11.984999656677246
2024-08-04T11:45:47.872746603Z,11.934000015258789
2024-08-04T11:46:17.986691125Z,267.1719970703125
2024-08-04T11:46:48.102475423Z,266.55999755859375
2024-08-04T11:47:18.218236714Z,266.2200012207031
2024-08-04T11:47:48.32469459Z,91.86799621582031
2024-08-04T11:48:18.497605887Z,1194.793945
2024-08-04T11:48:48.619035987Z,268.03900146484375
2024-08-04T11:49:18.792267116Z,1194.844970703125
2024-08-04T11:49:48.891191883Z,12.630999565124512
2024-08-04T11:51:49.238004546Z,12.682000160217285
2024-08-04T11:52:19.337514928Z,12.64799976348877
2024-08-04T11:52:49.437364039Z,12.664999961853027
2024-08-04T11:53:19.537208059Z,12.64799976348877
2024-08-04T11:53:49.639642354Z,10.947999954223633
2024-08-04T11:54:49.822841781Z,10.897000312805176
2024-08-04T11:55:19.927330689Z,10.947999954223633
2024-08-04T11:56:20.113974864Z,10.897000312805176
2024-08-04T11:57:50.374567469Z,10.947999954223633
2024-08-04T11:58:50.55090656Z,10.897000312805176
2024-08-04T11:59:20.65882088Z,10.947999954223633
2024-08-04T12:00:20.831250694Z,10.930999755859375
2024-08-04T12:01:21.007193062Z,10.897000312805176
2024-08-04T12:01:51.105224455Z,10.947999954223633
2024-08-04T12:02:21.202632098Z,10.897000312805176
2024-08-04T12:03:21.381178862Z,10.930999755859375
2024-08-04T12:03:51.480050648Z,10.897000312805176
2024-08-04T12:05:21.740460227Z,10.947999954223633
2024-08-04T12:05:51.838782169Z,10.897000312805176
2024-08-04T12:06:52.0263273Z,10.947999954223633
2024-08-04T12:07:22.122909976Z,10.897000312805176
2024-08-04T12:10:52.705725687Z,10.947999954223633
2024-08-04T12:11:52.878924564Z,10.930999755859375
2024-08-04T12:12:22.976790688Z,10.897000312805176
2024-08-04T12:13:23.153913367Z,10.947999954223633
2024-08-04T12:14:23.337779879Z,10.897000312805176
2024-08-04T12:14:53.438899566Z,10.947999954223633
2024-08-04T12:15:53.615265655Z,10.913999557495117
2024-08-04T12:16:53.788644236Z,10.947999954223633
2024-08-04T12:17:23.886143898Z,10.897000312805176
2024-08-04T12:18:24.059325208Z,10.930999755859375
2024-08-04T12:18:54.157108422Z,10.947999954223633
2024-08-04T12:19:54.33581162Z,10.897000312805176
2024-08-04T12:20:54.513971053Z,10.947999954223633
2024-08-04T12:21:24.612629325Z,11.237000465393066
2024-08-04T12:22:24.816054961Z,10.897000312805176
2024-08-04T12:22:54.896663632Z,11.288000106811523
2024-08-04T12:23:24.997290502Z,10.897000312805176
2024-08-04T12:23:55.093757894Z,11.237000465393066
2024-08-04T12:24:25.189957787Z,10.947999954223633
2024-08-04T12:24:55.286843763Z,11.237000465393066
2024-08-04T12:25:25.381523062Z,10.897000312805176
2024-08-04T12:25:55.477328057Z,10.947999954223633
2024-08-04T12:26:25.572602228Z,10.897000312805176
2024-08-04T12:26:55.673661216Z,10.947999954223633
2024-08-04T12:27:25.770331296Z,10.897000312805176
2024-08-04T12:29:26.111108252Z,11.237000465393066
2024-08-04T12:29:56.212292401Z,10.930999755859375
2024-08-04T12:30:26.311705776Z,10.897000312805176
2024-08-04T12:31:26.495772533Z,11.237000465393066
2024-08-04T12:31:56.599372154Z,10.897000312805176
2024-08-04T12:32:56.779392354Z,11.237000465393066
2024-08-04T12:33:26.887085942Z,10.897000312805176
2024-08-04T12:34:27.138303522Z,1194.572998046875
2024-08-04T12:34:57.255404982Z,239.1219940185547
2024-08-04T12:35:27.375660777Z,238.322998
2024-08-04T12:35:57.49085271Z,238.88400268554688
2024-08-04T12:36:27.605094431Z,239.802002
2024-08-04T12:36:57.719094826Z,239.59800720214844
2024-08-04T12:37:27.834143772Z,238.69700622558594
2024-08-04T12:37:57.949179988Z,238.7310028076172
2024-08-04T12:38:28.061807761Z,239.68299865722656
2024-08-04T12:39:28.275785323Z,239.27499389648438
2024-08-04T12:39:58.38994341Z,239.36000061035156
2024-08-04T12:40:28.502247929Z,238.91799926757812
2024-08-04T12:40:58.615150827Z,239.41099548339844
2024-08-04T12:41:28.729879373Z,238.98599243164062
2024-08-04T12:41:58.84182093Z,239.41099548339844
2024-08-04T12:42:28.954704132Z,239.0030059814453
2024-08-04T12:42:59.067318632Z,239.03700256347656
2024-08-04T12:43:29.180027904Z,239.88699340820312
2024-08-04T12:43:59.30385892Z,239.46200561523438
2024-08-04T12:44:59.496620481Z,239.9040069580078
2024-08-04T12:45:59.707377133Z,239.59800720214844
2024-08-04T12:46:29.821169637Z,239.13900756835938
2024-08-04T12:46:59.933836255Z,240.3800048828125
2024-08-04T12:47:30.046071983Z,239.59800720214844
2024-08-04T12:48:00.1584855Z,239.9550018310547
2024-08-04T12:48:30.274149781Z,239.52999877929688
2024-08-04T12:49:00.385193322Z,239.13900756835938
2024-08-04T12:49:30.494272447Z,239.58099365234375
2024-08-04T12:50:00.606494176Z,240.0229949951172
2024-08-04T12:50:30.717311412Z,240.00599670410156
2024-08-04T12:51:00.828999227Z,240.0229949951172
2024-08-04T12:52:01.044175564Z,239.93800354003906
2024-08-04T12:53:01.25634316Z,239.59800720214844
2024-08-04T12:53:31.369761057Z,240.07400512695312
2024-08-04T12:54:01.485108736Z,240.0570068359375
2024-08-04T12:54:31.603062003Z,239.61500549316406
2024-08-04T12:55:01.715123267Z,240.0229949951172
2024-08-04T12:55:31.832935597Z,239.98899841308594
2024-08-04T12:56:01.95193891Z,240.0229949951172
2024-08-04T12:56:32.071424757Z,240.00599670410156
2024-08-04T12:57:02.180864172Z,239.7169952392578
2024-08-04T12:57:32.292991913Z,240.0570068359375
2024-08-04T12:58:02.403925657Z,240.09100341796875
2024-08-04T12:58:32.515771347Z,239.6999969482422
2024-08-04T12:59:02.627782078Z,240.5500030517578
2024-08-04T12:59:32.738670834Z,240.10800170898438
2024-08-04T13:00:02.850437139Z,240.5330047607422
2024-08-04T13:00:32.96819365Z,240.46499633789062
2024-08-04T13:01:03.078511821Z,239.7169952392578
2024-08-04T13:01:33.196508914Z,240.14199829101562
2024-08-04T13:02:03.302983721Z,239.78500366210938
2024-08-04T13:02:33.414449832Z,239.75100708007812
2024-08-04T13:03:03.524442879Z,240.14199829101562
2024-08-04T13:03:33.642754378Z,239.75100708007812
2024-08-04T13:04:03.753228501Z,240.125
2024-08-04T13:04:33.864440146Z,240.17599487304688
2024-08-04T13:05:03.992151299Z,239.802002
2024-08-04T13:06:04.177689063Z,239.73399353027344
2024-08-04T13:06:34.286804639Z,239.78500366210938
2024-08-04T13:07:04.39662475Z,240.17599487304688
2024-08-04T13:07:34.508782067Z,240.14199829101562
2024-08-04T13:08:04.614552643Z,240.17599487304688
2024-08-04T13:08:34.726355426Z,239.81900024414062
2024-08-04T13:09:04.842387607Z,240.15899658203125
2024-08-04T13:09:34.958947605Z,239.3769989013672
2024-08-04T13:10:05.345859865Z,239.75100708007812
2024-08-04T13:10:35.173322867Z,240.24400329589844
2024-08-04T13:11:05.297448195Z,239.75100708007812
2024-08-04T13:11:35.400547861Z,239.78500366210938
2024-08-04T13:12:05.50412449Z,239.76800537109375
2024-08-04T13:12:35.606979261Z,239.81900024414062
2024-08-04T13:13:05.710969361Z,239.78500366210938
2024-08-04T13:13:35.815796939Z,239.802002
2024-08-04T13:14:05.918742619Z,240.1929931640625
2024-08-04T13:14:36.106244035Z,240.15899658203125
2024-08-04T13:15:06.214592156Z,239.802002
2024-08-04T13:15:36.322235425Z,240.2270050048828
2024-08-04T13:16:06.440337121Z,241.07699584960938
2024-08-04T13:16:36.544398722Z,240.2100067138672
2024-08-04T13:17:06.653570834Z,240.7030029296875
2024-08-04T13:17:36.763490678Z,239.3939971923828
2024-08-04T13:18:06.871868321Z,240.2270050048828
2024-08-04T13:18:36.980267429Z,239.81900024414062
2024-08-04T13:19:07.089335685Z,240.2779998779297
2024-08-04T13:19:37.195926924Z,239.8699951171875
2024-08-04T13:20:07.30326422Z,239.81900024414062
2024-08-04T13:20:37.411062473Z,240.2949981689453
2024-08-04T13:21:07.517955702Z,239.8699951171875
2024-08-04T13:21:37.625660959Z,240.31199645996094
2024-08-04T13:22:37.826457465Z,239.8699951171875
2024-08-04T13:23:07.934959358Z,240.32899475097656
2024-08-04T13:23:38.045340782Z,239.8699951171875
2024-08-04T13:24:08.163270712Z,240.2100067138672
2024-08-04T13:24:38.276837643Z,239.81900024414062
2024-08-04T13:25:08.385198192Z,239.93800354003906
2024-08-04T13:25:38.493453924Z,240.36300659179688
2024-08-04T13:26:08.602068242Z,239.5469970703125
2024-08-04T13:26:38.711047767Z,239.92100524902344
2024-08-04T13:27:08.822763183Z,239.46200561523438
2024-08-04T13:27:38.928257907Z,241.1959991455078
2024-08-04T13:28:09.035102579Z,239.92100524902344
2024-08-04T13:28:39.142081069Z,239.9550018310547
2024-08-04T13:30:09.430982494Z,240.3800048828125
2024-08-04T13:30:39.535260799Z,240.39700317382812
2024-08-04T13:31:09.640099575Z,240.00599670410156
2024-08-04T13:31:39.743573064Z,239.59800720214844
2024-08-04T13:32:09.850091257Z,240.3800048828125
2024-08-04T13:32:39.958556837Z,240.00599670410156
2024-08-04T13:33:10.06904752Z,239.93800354003906
2024-08-04T13:33:40.175644883Z,240.00599670410156
2024-08-04T13:34:10.281733359Z,239.9550018310547
2024-08-04T13:34:40.388491869Z,239.56399536132812
2024-08-04T13:35:10.496747662Z,239.98899841308594
2024-08-04T13:35:40.604227094Z,239.9720001220703
2024-08-04T13:36:10.711475473Z,239.59800720214844
2024-08-04T13:36:40.817763259Z,239.93800354003906
2024-08-04T13:37:10.925574981Z,240.41400146484375
2024-08-04T13:37:41.031860477Z,240.3800048828125
2024-08-04T13:38:11.141188352Z,239.9720001220703
2024-08-04T13:39:11.339091266Z,240.36300659179688
2024-08-04T13:39:41.444581528Z,240.41400146484375
2024-08-04T13:40:11.556044748Z,240.39700317382812
2024-08-04T13:40:41.661017692Z,240.43099975585938
2024-08-04T13:41:11.768591833Z,240.3800048828125
2024-08-04T13:41:41.877813652Z,240.82200622558594
2024-08-04T13:42:11.985617818Z,240.43099975585938
2024-08-04T13:42:42.092115632Z,240.0399932861328
2024-08-04T13:43:12.203841639Z,240.447998
2024-08-04T13:43:42.318787442Z,239.88699340820312
2024-08-04T13:44:12.430351121Z,239.93800354003906
2024-08-04T13:44:42.544387768Z,240.3459930419922
2024-08-04T13:45:12.659089207Z,239.9720001220703
2024-08-04T13:45:42.773670014Z,240.39700317382812
2024-08-04T13:46:12.88346608Z,240.3800048828125
2024-08-04T13:46:42.989843306Z,240.41400146484375
2024-08-04T13:47:13.096939256Z,240.0399932861328
2024-08-04T13:47:43.204102554Z,240.447998
2024-08-04T13:48:13.309277345Z,240.09100341796875
2024-08-04T13:48:43.420360683Z,240.0570068359375
2024-08-04T13:49:13.522706289Z,240.43099975585938
2024-08-04T13:49:43.629969761Z,240.48199462890625
2024-08-04T13:50:13.738196918Z,240.0399932861328
2024-08-04T13:50:43.848223579Z,240.0570068359375
2024-08-04T13:51:13.956018747Z,239.98899841308594
2024-08-04T13:51:44.063853926Z,240.48199462890625
2024-08-04T13:52:14.171950292Z,240.43099975585938
2024-08-04T13:52:44.30645472Z,240.0570068359375
2024-08-04T13:53:14.388769415Z,240.43099975585938
2024-08-04T13:53:44.501187333Z,240.0570068359375
2024-08-04T13:54:14.61500828Z,240.41400146484375
2024-08-04T13:54:44.728589772Z,240.39700317382812
2024-08-04T13:55:14.837619606Z,240.43099975585938
2024-08-04T13:55:44.944184569Z,239.66600036621094
2024-08-04T13:56:15.052196411Z,240.07400512695312
2024-08-04T13:56:45.162345331Z,240.09100341796875
2024-08-04T13:57:15.269169305Z,240.07400512695312
2024-08-04T13:57:45.376453459Z,240.48199462890625
2024-08-04T13:58:45.572256247Z,240.46499633789062
2024-08-04T13:59:15.685656366Z,240.00599670410156
2024-08-04T13:59:45.787699755Z,240.0399932861328
2024-08-04T14:00:15.894077038Z,240.0570068359375
2024-08-04T14:00:46.000778103Z,240.07400512695312
2024-08-04T14:01:46.195609944Z,241.39999389648438
2024-08-04T14:02:16.302715745Z,239.6999969482422
2024-08-04T14:02:46.408104061Z,240.10800170898438
2024-08-04T14:03:16.514146599Z,240.5330047607422
2024-08-04T14:03:46.621427445Z,240.46499633789062
2024-08-04T14:04:16.731907096Z,240.51600646972656
2024-08-04T14:04:46.840287522Z,240.0229949951172
2024-08-04T14:05:16.948652791Z,240.10800170898438
2024-08-04T14:05:47.057480335Z,240.0229949951172
2024-08-04T14:06:17.165745965Z,240.56700134277344
2024-08-04T14:06:47.274931751Z,240.0570068359375
2024-08-04T14:07:17.382738983Z,240.56700134277344
2024-08-04T14:07:47.489566243Z,240.5330047607422
2024-08-04T14:08:17.597633433Z,240.51600646972656
2024-08-04T14:08:47.703771947Z,240.09100341796875
2024-08-04T14:09:17.811882645Z,240.10800170898438
2024-08-04T14:09:47.918420782Z,241.38299560546875
2024-08-04T14:10:18.035794854Z,240.447998
2024-08-04T14:10:48.141635055Z,240.10800170898438
2024-08-04T14:11:18.25371239Z,240.8730010986328
2024-08-04T14:11:48.359983552Z,240.95799255371094
2024-08-04T14:12:18.467133809Z,241.39999389648438
2024-08-04T14:12:48.577081114Z,240.15899658203125
2024-08-04T14:13:18.679216337Z,240.5500030517578
2024-08-04T14:13:48.787215566Z,240.14199829101562
2024-08-04T14:14:18.892909289Z,240.56700134277344
2024-08-04T14:14:48.999767245Z,240.9239959716797
2024-08-04T14:15:19.106917861Z,240.15899658203125
2024-08-04T14:15:49.213321046Z,240.09100341796875
2024-08-04T14:16:19.321752256Z,240.10800170898438
2024-08-04T14:16:49.430480435Z,240.49899291992188
2024-08-04T14:17:19.539264778Z,240.09100341796875
2024-08-04T14:17:49.649706265Z,240.5500030517578
2024-08-04T14:18:49.848017529Z,240.14199829101562
2024-08-04T14:19:19.957326809Z,240.97500610351562
2024-08-04T14:19:50.066092462Z,240.125
2024-08-04T14:20:20.180209652Z,240.07400512695312
2024-08-04T14:20:50.295460478Z,240.56700134277344
2024-08-04T14:21:20.398911299Z,240.17599487304688
2024-08-04T14:21:50.507847902Z,240.49899291992188
2024-08-04T14:22:20.621811245Z,240.58399963378906
2024-08-04T14:22:50.732876292Z,240.46499633789062
2024-08-04T14:23:20.839401708Z,240.15899658203125
2024-08-04T14:23:50.947243644Z,240.56700134277344
2024-08-04T14:24:21.053360478Z,241.4340057373047
2024-08-04T14:24:51.164219847Z,240.56700134277344
2024-08-04T14:25:21.288182746Z,240.5330047607422
2024-08-04T14:25:51.384289552Z,240.6179962158203
2024-08-04T14:26:21.498104285Z,240.9409942626953
2024-08-04T14:26:51.606770134Z,240.5330047607422
2024-08-04T14:27:21.714925992Z,240.6009979248047
2024-08-04T14:28:21.924375942Z,240.5330047607422
2024-08-04T14:28:52.033177253Z,239.802002
2024-08-04T14:29:22.144047033Z,240.58399963378906
2024-08-04T14:29:52.250414708Z,240.63499450683594
2024-08-04T14:30:22.390809153Z,240.58399963378906
2024-08-04T14:31:22.56112197Z,240.6179962158203
2024-08-04T14:32:22.768376813Z,241.4340057373047
2024-08-04T14:32:52.874948364Z,240.5330047607422
2024-08-04T14:33:22.98581745Z,240.6009979248047
2024-08-04T14:33:53.098081822Z,240.6179962158203
2024-08-04T14:34:23.207075842Z,240.2270050048828
2024-08-04T14:35:23.412084718Z,240.6009979248047
2024-08-04T14:35:53.523365855Z,240.125
2024-08-04T14:36:23.634265317Z,240.58399963378906
2024-08-04T14:36:53.746624303Z,240.63499450683594
2024-08-04T14:37:23.858079183Z,240.5500030517578
2024-08-04T14:37:53.969473335Z,241.89300537109375
2024-08-04T14:38:24.081530814Z,240.6009979248047
2024-08-04T14:38:54.194047231Z,240.6179962158203
2024-08-04T14:39:24.309404565Z,240.5500030517578
2024-08-04T14:39:54.421166649Z,241.0260009765625
2024-08-04T14:40:24.533752366Z,240.97500610351562
2024-08-04T14:40:54.64884091Z,240.14199829101562
2024-08-04T14:41:24.76370411Z,240.56700134277344
2024-08-04T14:42:24.971057381Z,240.2100067138672
2024-08-04T14:42:55.087765693Z,241.00900268554688
2024-08-04T14:43:25.196055792Z,240.5500030517578
2024-08-04T14:43:55.30719682Z,240.63499450683594
2024-08-04T14:44:55.519777771Z,240.6179962158203
2024-08-04T14:45:25.631940608Z,240.5330047607422
2024-08-04T14:45:55.744785125Z,240.17599487304688
2024-08-04T14:46:25.856354767Z,240.66900634765625
2024-08-04T14:46:55.968218693Z,240.6179962158203
2024-08-04T14:47:26.076288502Z,240.63499450683594
2024-08-04T14:47:56.185674834Z,241.91000366210938
2024-08-04T14:48:26.293561133Z,241.04299926757812
2024-08-04T14:48:56.401939443Z,240.68600463867188
2024-08-04T14:49:26.515699723Z,240.63499450683594
2024-08-04T14:49:56.628246108Z,240.66900634765625
2024-08-04T14:50:26.742951088Z,241.04299926757812
2024-08-04T14:50:56.852443834Z,241.00900268554688
2024-08-04T14:51:26.960359077Z,241.4510040283203
2024-08-04T14:51:57.069070453Z,240.31199645996094
2024-08-04T14:52:27.177561109Z,240.73699951171875
2024-08-04T14:52:57.285521766Z,239.8699951171875
2024-08-04T14:53:27.393361152Z,240.7030029296875
2024-08-04T14:53:57.505770877Z,240.72000122070312
2024-08-04T14:54:27.612245928Z,241.0939941
2024-08-04T14:54:57.727608108Z,240.56700134277344
2024-08-04T14:55:27.837889299Z,240.7030029296875
2024-08-04T14:55:57.947001859Z,241.14500427246094
2024-08-04T14:56:28.056419508Z,240.6009979248047
2024-08-04T14:56:58.164760462Z,240.7030029296875
2024-08-04T14:57:28.275267124Z,240.68600463867188
2024-08-04T14:57:58.382878403Z,241.0939941
2024-08-04T14:58:28.490992642Z,240.65199279785156
2024-08-04T14:58:58.600296188Z,240.7030029296875
2024-08-04T14:59:58.799947582Z,241.57000732421875
2024-08-04T15:00:28.90547743Z,241.55299377441406
2024-08-04T15:00:59.013619214Z,240.66900634765625
2024-08-04T15:01:29.121204725Z,240.68600463867188
2024-08-04T15:01:59.230028523Z,240.3459930419922
2024-08-04T15:02:29.338084352Z,241.14500427246094
2024-08-04T15:02:59.450279812Z,241.0939941
2024-08-04T15:03:29.558529649Z,240.32899475097656
2024-08-04T15:03:59.666340659Z,240.73699951171875
2024-08-04T15:04:29.776947328Z,240.7030029296875
2024-08-04T15:04:59.881299486Z,240.78799438476562
2024-08-04T15:05:29.987514477Z,240.75399780273438
2024-08-04T15:06:00.094589459Z,240.31199645996094
2024-08-04T15:06:30.202691422Z,240.7709961
2024-08-04T15:07:00.313218157Z,241.53599548339844
2024-08-04T15:07:30.422954411Z,241.5189971923828
2024-08-04T15:08:00.529825129Z,240.2949981689453
2024-08-04T15:08:30.640100892Z,241.58700561523438
2024-08-04T15:09:00.746865607Z,240.68600463867188
2024-08-04T15:09:30.855036885Z,240.32899475097656
2024-08-04T15:10:00.96297421Z,240.7709961
2024-08-04T15:10:31.072083198Z,241.55299377441406
2024-08-04T15:11:01.179292848Z,240.68600463867188
2024-08-04T15:11:31.288758086Z,240.3459930419922
2024-08-04T15:12:01.397522787Z,240.73699951171875
2024-08-04T15:12:31.507963981Z,241.14500427246094
2024-08-04T15:13:01.614803292Z,241.11099243164062
2024-08-04T15:13:31.724186404Z,240.73699951171875
2024-08-04T15:14:01.833214571Z,240.26100158691406
2024-08-04T15:14:31.941115738Z,240.73699951171875
2024-08-04T15:15:02.052427094Z,240.3459930419922
2024-08-04T15:15:32.155414009Z,241.1959991455078
2024-08-04T15:16:02.264078766Z,241.21299743652344
2024-08-04T15:16:32.373797504Z,241.63800048828125
2024-08-04T15:17:02.482948561Z,241.14500427246094
2024-08-04T15:17:32.590865078Z,242.04600524902344
2024-08-04T15:18:02.697557418Z,240.80499267578125
2024-08-04T15:18:32.805471567Z,240.82200622558594
2024-08-04T15:19:02.915262221Z,240.78799438476562
2024-08-04T15:20:03.115714008Z,240.7030029296875
2024-08-04T15:20:33.225035728Z,240.73699951171875
2024-08-04T15:21:03.334569976Z,240.72000122070312
2024-08-04T15:21:33.442737721Z,240.7709961
2024-08-04T15:22:03.5519656Z,240.447998
2024-08-04T15:22:33.66168947Z,240.78799438476562
2024-08-04T15:23:03.767960347Z,240.41400146484375
2024-08-04T15:23:33.878799357Z,240.36300659179688
2024-08-04T15:24:03.991084111Z,240.80499267578125
2024-08-04T15:24:34.100495094Z,241.1959991455078
2024-08-04T15:25:04.210545238Z,240.78799438476562
2024-08-04T15:25:34.324653619Z,240.41400146484375
2024-08-04T15:26:04.429899604Z,240.73699951171875
2024-08-04T15:26:34.540203542Z,240.80499267578125
2024-08-04T15:27:04.649196223Z,240.3459930419922
2024-08-04T15:27:34.760901025Z,240.73699951171875
2024-08-04T15:28:04.869991927Z,240.75399780273438
2024-08-04T15:28:34.977480807Z,241.2810059
2024-08-04T15:29:05.086777027Z,240.78799438476562
2024-08-04T15:29:35.192335841Z,240.36300659179688
2024-08-04T15:30:05.300570104Z,240.83900451660156
2024-08-04T15:30:35.409516378Z,241.26400756835938
2024-08-04T15:31:05.525521864Z,240.32899475097656
2024-08-04T15:31:35.637433919Z,240.36300659179688
2024-08-04T15:32:05.75482631Z,240.72000122070312
2024-08-04T15:32:35.87065595Z,241.55299377441406
2024-08-04T15:33:05.983465806Z,240.39700317382812
2024-08-04T15:33:36.091006663Z,240.78799438476562
2024-08-04T15:34:06.200443556Z,240.80499267578125
2024-08-04T15:34:36.3115811Z,241.1959991455078
2024-08-04T15:35:06.422182094Z,240.7709961
2024-08-04T15:35:36.531650888Z,241.1959991455078
2024-08-04T15:36:06.642751421Z,240.80499267578125
2024-08-04T15:36:36.756723035Z,240.39700317382812
2024-08-04T15:37:06.861050736Z,240.8560028076172
2024-08-04T15:37:36.970891019Z,241.26400756835938
2024-08-04T15:38:07.077882429Z,240.43099975585938
2024-08-04T15:38:37.187820294Z,240.82200622558594
2024-08-04T15:39:07.298399877Z,240.39700317382812
2024-08-04T15:39:37.406462384Z,241.2469940185547
2024-08-04T15:40:07.517046481Z,240.80499267578125
2024-08-04T15:40:37.625437204Z,240.41400146484375
2024-08-04T15:41:07.732900983Z,240.447998
2024-08-04T15:41:37.841876985Z,241.2469940185547
2024-08-04T15:42:07.950816484Z,241.21299743652344
2024-08-04T15:42:38.0613174Z,241.22999572753906
2024-08-04T15:43:08.168938704Z,240.41400146484375
2024-08-04T15:43:38.280357834Z,240.88999938964844
2024-08-04T15:44:08.391312022Z,240.3800048828125
2024-08-04T15:44:38.497539601Z,240.88999938964844
2024-08-04T15:45:08.603735067Z,240.90699768066406
2024-08-04T15:45:38.709911553Z,241.74000549316406
2024-08-04T15:46:08.816405212Z,241.31500244140625
2024-08-04T15:46:38.923826647Z,241.7570037841797
2024-08-04T15:47:09.035108219Z,241.31500244140625
2024-08-04T15:47:39.139382723Z,240.83900451660156
2024-08-04T15:48:09.247232117Z,241.22999572753906
2024-08-04T15:48:39.357593812Z,240.8730010986328
2024-08-04T15:49:09.46637385Z,240.83900451660156
2024-08-04T15:49:39.570937993Z,240.49899291992188
2024-08-04T15:50:09.680067707Z,241.33200073242188
2024-08-04T15:50:39.783160322Z,240.48199462890625
2024-08-04T15:51:09.887869824Z,240.8730010986328
2024-08-04T15:51:39.993604187Z,241.33200073242188
2024-08-04T15:52:10.099738664Z,240.8730010986328
2024-08-04T15:52:40.205706403Z,242.13099670410156
2024-08-04T15:53:10.312170471Z,241.31500244140625
2024-08-04T15:53:40.420587378Z,240.9239959716797
2024-08-04T15:54:10.52764482Z,240.41400146484375
2024-08-04T15:54:40.635487704Z,240.51600646972656
2024-08-04T15:55:10.743592222Z,240.88999938964844
2024-08-04T15:55:40.851093707Z,240.9239959716797
2024-08-04T15:56:10.9562297Z,241.7740020751953
2024-08-04T15:56:41.061513247Z,240.9239959716797
2024-08-04T15:57:41.256250858Z,241.33200073242188
2024-08-04T15:58:41.457255961Z,241.39999389648438
2024-08-04T15:59:11.559043718Z,240.9239959716797
2024-08-04T15:59:41.666016931Z,241.38299560546875
2024-08-04T16:00:11.773045198Z,240.97500610351562
2024-08-04T16:00:41.880262316Z,240.49899291992188
2024-08-04T16:01:11.987993398Z,241.33200073242188
2024-08-04T16:01:42.094400049Z,241.70599365234375
2024-08-04T16:02:12.203627838Z,241.80799865722656
2024-08-04T16:02:42.314098159Z,240.447998
2024-08-04T16:03:12.424218239Z,240.51600646972656
2024-08-04T16:03:42.530846404Z,240.5330047607422
2024-08-04T16:04:12.637011346Z,240.95799255371094
2024-08-04T16:04:42.747850939Z,240.9239959716797
2024-08-04T16:05:12.85159845Z,240.88999938964844
2024-08-04T16:05:42.957248499Z,241.0260009765625
2024-08-04T16:06:13.0654034Z,240.9239959716797
2024-08-04T16:07:13.263220719Z,240.5330047607422
2024-08-04T16:07:43.370007067Z,240.9239959716797
2024-08-04T16:08:13.477151624Z,240.97500610351562
2024-08-04T16:08:43.585642282Z,240.9409942626953
2024-08-04T16:09:13.697997494Z,240.51600646972656
2024-08-04T16:09:43.802947651Z,240.95799255371094
2024-08-04T16:10:13.91547465Z,240.9239959716797
2024-08-04T16:11:14.120039271Z,241.80799865722656
2024-08-04T16:11:44.231196498Z,240.9239959716797
2024-08-04T16:12:14.34261896Z,241.2810059
2024-08-04T16:12:44.451564505Z,241.36599731445312
2024-08-04T16:13:14.559621964Z,240.97500610351562
2024-08-04T16:13:44.668494257Z,241.38299560546875
2024-08-04T16:14:14.778909802Z,241.39999389648438
2024-08-04T16:14:44.888805674Z,240.51600646972656
2024-08-04T16:15:45.092169764Z,240.99200439453125
2024-08-04T16:16:15.202438627Z,240.95799255371094
2024-08-04T16:16:45.31174813Z,240.99200439453125
2024-08-04T16:17:15.420013872Z,240.56700134277344
2024-08-04T16:17:45.530910667Z,241.38299560546875
2024-08-04T16:18:15.643936405Z,240.9409942626953
2024-08-04T16:18:45.753803593Z,240.97500610351562
2024-08-04T16:19:15.864308949Z,241.36599731445312
2024-08-04T16:19:45.979619326Z,240.97500610351562
2024-08-04T16:20:16.084307645Z,241.0260009765625
2024-08-04T16:20:46.19245973Z,240.99200439453125
2024-08-04T16:21:46.390176786Z,241.74000549316406
2024-08-04T16:22:16.497537441Z,240.6009979248047
2024-08-04T16:22:46.603571422Z,240.99200439453125
2024-08-04T16:23:16.712221829Z,241.0260009765625
2024-08-04T16:23:46.821590802Z,240.99200439453125
2024-08-04T16:24:16.929652094Z,241.04299926757812
2024-08-04T16:24:47.037218139Z,240.6009979248047
2024-08-04T16:25:17.147941852Z,241.0260009765625
2024-08-04T16:25:47.263272804Z,240.56700134277344
2024-08-04T16:26:17.376831292Z,240.9409942626953
2024-08-04T16:26:47.485373971Z,241.4340057373047
2024-08-04T16:27:17.593047307Z,240.6009979248047
2024-08-04T16:33:53.719525025Z,240.99200439453125
2024-08-04T16:34:53.924502166Z,241.04299926757812
2024-08-04T16:35:24.036099656Z,240.97500610351562
2024-08-04T16:35:54.146907499Z,241.41700744628906
2024-08-04T16:36:24.256975477Z,241.0260009765625
2024-08-04T16:36:54.367917859Z,241.0939941
2024-08-04T16:37:24.47779315Z,241.0260009765625
2024-08-04T16:38:24.681514078Z,241.46800231933594
2024-08-04T16:38:54.794136088Z,240.63499450683594
2024-08-04T16:39:24.905706207Z,241.04299926757812
2024-08-04T16:39:55.017945077Z,241.46800231933594
2024-08-04T16:40:25.129957964Z,240.97500610351562
2024-08-04T16:40:55.236697221Z,241.07699584960938
2024-08-04T16:41:25.346935347Z,240.63499450683594
2024-08-04T16:41:55.456761607Z,241.0260009765625
2024-08-04T16:42:25.571287743Z,241.07699584960938
2024-08-04T16:42:55.679230032Z,241.4340057373047
2024-08-04T16:43:25.790422723Z,241.0260009765625
2024-08-04T16:43:55.901233456Z,240.65199279785156
2024-08-04T16:44:26.013613115Z,241.4340057373047
2024-08-04T16:44:56.125679423Z,241.0260009765625
2024-08-04T16:45:26.237674385Z,240.63499450683594
2024-08-04T16:45:56.349273034Z,241.0260009765625
2024-08-04T16:46:26.462189959Z,241.8249969482422
2024-08-04T16:46:56.572155531Z,241.05999755859375
2024-08-04T16:47:26.68126303Z,241.41700744628906
2024-08-04T16:47:56.791122851Z,241.0260009765625
2024-08-04T16:48:26.901973519Z,241.05999755859375
2024-08-04T16:48:57.013505869Z,241.0260009765625
2024-08-04T16:49:57.221238692Z,240.72000122070312
2024-08-04T16:50:27.331015703Z,241.41700744628906
2024-08-04T16:50:57.441752175Z,241.0939941
2024-08-04T16:51:27.549661803Z,242.3179931640625
2024-08-04T16:51:57.661568658Z,241.11099243164062
2024-08-04T16:52:27.774572612Z,241.00900268554688
2024-08-04T16:52:57.880297302Z,241.48500061035156
2024-08-04T16:53:27.991714788Z,241.04299926757812
2024-08-04T16:53:58.102438535Z,241.0939941
2024-08-04T16:54:28.211483068Z,241.1280059814453
2024-08-04T16:54:58.32452751Z,241.11099243164062
2024-08-04T16:55:28.433579658Z,241.53599548339844
2024-08-04T16:55:58.544961571Z,241.04299926757812
2024-08-04T16:56:28.654941625Z,241.07699584960938
2024-08-04T16:56:58.764299381Z,240.66900634765625
2024-08-04T16:57:28.873809239Z,241.05999755859375
2024-08-04T16:57:58.983019697Z,241.5189971923828
2024-08-04T16:58:29.096160371Z,241.0939941
2024-08-04T16:58:59.207198206Z,241.11099243164062
2024-08-04T16:59:29.32252272Z,240.63499450683594
2024-08-04T16:59:59.438320145Z,241.46800231933594
2024-08-04T17:00:29.546164253Z,241.53599548339844
2024-08-04T17:00:59.654245258Z,241.5019989013672
2024-08-04T17:01:29.761506341Z,241.16200256347656
2024-08-04T17:01:59.871285237Z,241.5189971923828
2024-08-04T17:02:29.976687708Z,241.07699584960938
2024-08-04T17:03:00.094693545Z,241.16200256347656
2024-08-04T17:03:30.190381661Z,241.0939941
2024-08-04T17:04:00.297883237Z,240.7030029296875
2024-08-04T17:04:30.405687683Z,241.5019989013672
2024-08-04T17:05:00.513043537Z,241.96099853515625
2024-08-04T17:05:30.62012333Z,241.11099243164062
2024-08-04T17:06:00.729471775Z,241.16200256347656
2024-08-04T17:06:30.839984075Z,241.57000732421875
2024-08-04T17:07:00.948998397Z,241.14500427246094
2024-08-04T17:07:31.058037334Z,240.72000122070312
2024-08-04T17:08:01.16771408Z,240.75399780273438
2024-08-04T17:08:31.278418327Z,241.1280059814453
2024-08-04T17:09:01.390908808Z,241.55299377441406
2024-08-04T17:09:31.501071264Z,240.68600463867188
2024-08-04T17:10:01.610824298Z,241.53599548339844
2024-08-04T17:10:31.727081882Z,241.4510040283203
2024-08-04T17:11:31.927604196Z,242.4199981689453
2024-08-04T17:12:02.038497104Z,241.1280059814453
2024-08-04T17:12:32.149587771Z,241.1790008544922
2024-08-04T17:13:02.255164473Z,241.53599548339844
2024-08-04T17:13:32.366929129Z,241.16200256347656
2024-08-04T17:14:02.470990643Z,241.14500427246094
2024-08-04T17:14:32.580368546Z,241.1959991455078
2024-08-04T17:15:02.688956696Z,241.1790008544922
2024-08-04T17:15:32.801930589Z,240.7030029296875
2024-08-04T17:16:02.916038503Z,240.66900634765625
2024-08-04T17:16:33.02706341Z,241.1280059814453
2024-08-04T17:17:03.137595638Z,241.14500427246094
2024-08-04T17:17:33.244466352Z,241.16200256347656
2024-08-04T17:18:03.355046243Z,241.9949951171875
2024-08-04T17:18:33.465552658Z,241.14500427246094
2024-08-04T17:19:03.575248621Z,240.7709961
2024-08-04T17:19:33.690560643Z,241.0939941
2024-08-04T17:20:03.806473756Z,241.07699584960938
2024-08-04T17:20:33.921159408Z,241.05999755859375
2024-08-04T17:21:04.032493928Z,240.68600463867188
2024-08-04T17:22:04.231721406Z,241.1959991455078
2024-08-04T17:22:34.343079288Z,240.7709961
2024-08-04T17:23:04.452469108Z,241.14500427246094
2024-08-04T17:23:34.563364367Z,241.1280059814453
2024-08-04T17:24:04.675504043Z,241.0939941
2024-08-04T17:24:34.778461034Z,240.78799438476562
2024-08-04T17:25:34.97878301Z,241.0939941
2024-08-04T17:26:05.092123893Z,240.72000122070312
2024-08-04T17:26:35.197845496Z,241.6040039
2024-08-04T17:27:35.396556815Z,241.14500427246094
2024-08-04T17:28:05.504556629Z,241.58700561523438
2024-08-04T17:28:35.611972811Z,240.75399780273438
2024-08-04T17:29:05.725822044Z,241.16200256347656
2024-08-04T17:29:35.833779879Z,241.14500427246094
2024-08-04T17:30:05.944826689Z,241.55299377441406
2024-08-04T17:30:36.051968774Z,241.62100219726562
2024-08-04T17:31:06.165008545Z,241.1790008544922
2024-08-04T17:31:36.276204354Z,241.16200256347656
2024-08-04T17:32:06.383341124Z,241.58700561523438
2024-08-04T17:32:36.490921127Z,241.1959991455078
2024-08-04T17:33:06.601338777Z,241.6040039
2024-08-04T17:33:36.714247454Z,241.14500427246094
2024-08-04T17:34:06.819571721Z,241.1790008544922
2024-08-04T17:34:36.932488285Z,240.72000122070312
2024-08-04T17:35:07.037263103Z,241.21299743652344
2024-08-04T17:35:37.144498686Z,241.1790008544922
2024-08-04T17:36:07.252842793Z,241.65499877929688
2024-08-04T17:36:37.363485657Z,241.14500427246094
2024-08-04T17:37:07.471032371Z,241.1790008544922
2024-08-04T17:37:37.579297857Z,241.65499877929688
2024-08-04T17:38:07.688174436Z,241.1790008544922
2024-08-04T17:38:37.795825111Z,241.2469940185547
2024-08-04T17:39:07.903559023Z,241.58700561523438
2024-08-04T17:39:38.011006403Z,241.1790008544922
2024-08-04T17:40:08.120038779Z,241.21299743652344
2024-08-04T17:40:38.227304307Z,241.62100219726562
2024-08-04T17:41:08.335614977Z,241.2810059
2024-08-04T17:41:38.445501758Z,241.2469940185547
2024-08-04T17:42:08.55371864Z,241.21299743652344
2024-08-04T17:42:38.663604962Z,241.1959991455078
2024-08-04T17:43:08.771560172Z,241.26400756835938
2024-08-04T17:43:38.881809539Z,241.1790008544922
2024-08-04T17:44:08.98970591Z,241.2469940185547
2024-08-04T17:44:39.098573422Z,241.65499877929688
2024-08-04T17:45:09.210969386Z,241.58700561523438
2024-08-04T17:45:39.32174358Z,241.22999572753906
2024-08-04T17:46:09.424867605Z,241.21299743652344
2024-08-04T17:46:39.534190294Z,241.14500427246094
2024-08-04T17:47:09.642862105Z,241.16200256347656
2024-08-04T17:47:39.752030757Z,241.22999572753906
2024-08-04T17:48:09.86095377Z,241.57000732421875
2024-08-04T17:48:39.968280203Z,240.83900451660156
2024-08-04T17:49:10.074596462Z,241.21299743652344
2024-08-04T17:49:40.182179085Z,241.68899536132812
2024-08-04T17:50:10.288996464Z,241.22999572753906
2024-08-04T17:50:40.396853583Z,241.63800048828125
2024-08-04T17:51:10.504119865Z,241.62100219726562
2024-08-04T17:51:40.610779603Z,241.2469940185547
2024-08-04T17:52:10.72001925Z,242.4709930419922
2024-08-04T17:52:40.828599691Z,240.78799438476562
2024-08-04T17:53:10.937256915Z,241.2810059
2024-08-04T17:53:41.045839529Z,241.58700561523438
2024-08-04T17:54:11.15544899Z,241.63800048828125
2024-08-04T17:54:41.262273514Z,240.83900451660156
2024-08-04T17:55:11.375535452Z,241.1790008544922
2024-08-04T17:55:41.491101536Z,241.22999572753906
2024-08-04T17:56:11.592745567Z,241.2810059
2024-08-04T17:56:41.699890922Z,240.8730010986328
2024-08-04T17:57:11.804519711Z,241.26400756835938
2024-08-04T17:57:41.91053077Z,241.2469940185547
2024-08-04T17:58:12.018478015Z,241.22999572753906
2024-08-04T17:58:42.125407608Z,241.6719970703125
2024-08-04T17:59:12.231606463Z,240.8560028076172
2024-08-04T17:59:42.337460625Z,241.2469940185547
2024-08-04T18:00:42.532895427Z,241.2810059
2024-08-04T18:01:12.641847406Z,241.2469940185547
2024-08-04T18:01:42.748774013Z,241.6719970703125
2024-08-04T18:02:12.851488123Z,241.2810059
2024-08-04T18:02:42.960179123Z,241.65499877929688
2024-08-04T18:03:13.066290925Z,241.63800048828125
2024-08-04T18:03:43.172213914Z,241.70599365234375
2024-08-04T18:04:13.28326575Z,241.2810059
2024-08-04T18:04:43.393566878Z,242.06300354003906
2024-08-04T18:05:13.505752183Z,241.63800048828125
2024-08-04T18:05:43.611530909Z,242.0800018310547
2024-08-04T18:06:13.717802296Z,241.26400756835938
2024-08-04T18:06:43.826997169Z,241.72300720214844
2024-08-04T18:07:13.92962939Z,241.29800415039062
2024-08-04T18:08:14.125887603Z,240.88999938964844
2024-08-04T18:08:44.227907242Z,241.2810059
2024-08-04T18:09:14.334221951Z,241.72300720214844
2024-08-04T18:09:44.441250892Z,241.29800415039062
2024-08-04T18:10:14.54960976Z,241.65499877929688
2024-08-04T18:10:44.657117673Z,241.2469940185547
2024-08-04T18:11:44.859073017Z,241.33200073242188
2024-08-04T18:12:14.969317578Z,241.2810059
2024-08-04T18:12:45.079790196Z,240.8730010986328
2024-08-04T18:13:15.186741635Z,241.70599365234375
2024-08-04T18:13:45.296010727Z,242.11399841308594
2024-08-04T18:14:15.41089192Z,240.82200622558594
2024-08-04T18:14:45.521145589Z,241.1959991455078
2024-08-04T18:15:15.6291422Z,241.29800415039062
2024-08-04T18:15:45.738759226Z,240.8560028076172
2024-08-04T18:16:15.847363255Z,241.2810059
2024-08-04T18:16:45.955283783Z,241.31500244140625
2024-08-04T18:17:16.064597629Z,241.26400756835938
2024-08-04T18:17:46.173918205Z,241.68899536132812
2024-08-04T18:18:16.278081304Z,242.1649932861328
2024-08-04T18:18:46.384930164Z,241.29800415039062
2024-08-04T18:19:16.490123777Z,241.33200073242188
2024-08-04T18:20:16.687433547Z,241.2469940185547
2024-08-04T18:20:46.794649219Z,241.70599365234375
2024-08-04T18:21:16.899813798Z,241.26400756835938
2024-08-04T18:21:47.004881251Z,241.6719970703125
2024-08-04T18:22:17.111116501Z,241.7740020751953
2024-08-04T18:22:47.216489972Z,240.8560028076172
2024-08-04T18:23:17.321623835Z,241.74000549316406
2024-08-04T18:23:47.426630966Z,241.70599365234375
2024-08-04T18:24:17.536805886Z,241.74000549316406
2024-08-04T18:24:47.646071244Z,241.68899536132812
2024-08-04T18:25:17.753482225Z,240.9409942626953
2024-08-04T18:25:47.859926378Z,241.68899536132812
2024-08-04T18:26:17.9660137Z,241.2810059
2024-08-04T18:26:48.071810618Z,242.11399841308594
2024-08-04T18:27:18.17713198Z,240.9239959716797
2024-08-04T18:27:48.282591269Z,240.90699768066406
2024-08-04T18:28:18.388137917Z,241.33200073242188
2024-08-04T18:28:48.497544438Z,241.31500244140625
2024-08-04T18:29:18.598804824Z,241.3489990234375
2024-08-04T18:29:48.702146516Z,241.33200073242188
2024-08-04T18:30:18.812879521Z,241.26400756835938
2024-08-04T18:30:48.919485695Z,241.3489990234375
2024-08-04T18:31:49.111606161Z,240.88999938964844
2024-08-04T18:32:19.216620966Z,241.74000549316406
2024-08-04T18:33:19.414051554Z,241.36599731445312
2024-08-04T18:33:49.526691048Z,242.1479949951172
2024-08-04T18:34:19.636209975Z,241.26400756835938
2024-08-04T18:34:49.744245184Z,241.2469940185547
2024-08-04T18:35:19.850195636Z,241.33200073242188
2024-08-04T18:35:49.956780886Z,241.26400756835938
2024-08-04T18:36:20.064494323Z,241.74000549316406
2024-08-04T18:36:50.169461792Z,242.62399291992188
2024-08-04T18:37:20.279482027Z,241.39999389648438
2024-08-04T18:37:50.392969938Z,241.68899536132812
2024-08-04T18:38:20.500352478Z,241.2469940185547
2024-08-04T18:38:50.607626124Z,240.9239959716797
2024-08-04T18:39:20.717619235Z,241.3489990234375
2024-08-04T18:39:50.822640702Z,242.19900512695312
2024-08-04T18:40:20.930865743Z,241.29800415039062
2024-08-04T18:40:51.040757419Z,241.31500244140625
2024-08-04T18:41:21.151686371Z,240.9239959716797
2024-08-04T18:41:51.258840517Z,240.88999938964844
2024-08-04T18:42:21.368068703Z,240.90699768066406
2024-08-04T18:42:51.479049987Z,241.3489990234375
2024-08-04T18:43:21.590732559Z,241.2469940185547
2024-08-04T18:43:51.699996584Z,241.33200073242188
2024-08-04T18:44:21.809463998Z,241.2810059
2024-08-04T18:44:51.91979882Z,241.26400756835938
2024-08-04T18:45:22.029646031Z,242.1649932861328
2024-08-04T18:45:52.136162388Z,241.26400756835938
2024-08-04T18:46:22.242827071Z,241.7570037841797
2024-08-04T18:46:52.35381424Z,241.31500244140625
2024-08-04T18:47:22.465054464Z,241.29800415039062
2024-08-04T18:47:52.572528822Z,241.26400756835938
2024-08-04T18:48:22.68243286Z,241.72300720214844
2024-08-04T18:48:52.790199931Z,241.3489990234375
2024-08-04T18:49:52.996322882Z,241.31500244140625
2024-08-04T18:50:23.100561189Z,241.29800415039062
2024-08-04T18:50:53.20842541Z,241.33200073242188
2024-08-04T18:51:23.316613583Z,240.9409942626953
2024-08-04T18:52:23.514616625Z,241.31500244140625
2024-08-04T18:52:53.621597379Z,241.7570037841797
2024-08-04T18:53:23.72844983Z,241.79100036621094
2024-08-04T18:53:53.836153729Z,241.29800415039062
2024-08-04T18:54:23.946498305Z,241.68899536132812
2024-08-04T18:54:54.055663655Z,241.31500244140625
2024-08-04T18:55:24.163901792Z,241.7740020751953
2024-08-04T18:55:54.272755965Z,241.3489990234375
2024-08-04T18:56:54.470703129Z,241.7570037841797
2024-08-04T18:57:24.579865244Z,241.3489990234375
2024-08-04T18:57:54.689411256Z,241.33200073242188
2024-08-04T18:58:54.890871691Z,241.3489990234375
2024-08-04T18:59:25.000988992Z,241.29800415039062
2024-08-04T19:00:25.202799767Z,240.8730010986328
2024-08-04T19:00:55.315463315Z,241.38299560546875
2024-08-04T19:01:25.418629325Z,241.3489990234375
2024-08-04T19:02:25.622252378Z,242.21600341796875
2024-08-04T19:02:55.733942739Z,241.70599365234375
2024-08-04T19:03:25.844903352Z,241.72300720214844
2024-08-04T19:03:55.956746487Z,241.26400756835938
2024-08-04T19:04:26.070304878Z,240.90699768066406
2024-08-04T19:04:56.179800799Z,241.3489990234375
2024-08-04T19:05:26.2875953Z,241.36599731445312
2024-08-04T19:05:56.396475145Z,241.3489990234375
2024-08-04T19:06:26.503915304Z,241.7570037841797
2024-08-04T19:06:56.61216793Z,241.33200073242188
2024-08-04T19:07:26.721450595Z,241.38299560546875
2024-08-04T19:07:56.828453131Z,241.80799865722656
2024-08-04T19:08:26.935243171Z,241.36599731445312
2024-08-04T19:08:57.043701087Z,241.79100036621094
2024-08-04T19:09:27.151740486Z,241.7570037841797
2024-08-04T19:10:27.348246004Z,240.95799255371094
2024-08-04T19:10:57.456411668Z,241.7740020751953
2024-08-04T19:11:27.564347545Z,241.38299560546875
2024-08-04T19:11:57.725451183Z,241.80799865722656
2024-08-04T19:12:27.777168675Z,241.7740020751953
2024-08-04T19:12:57.884290019Z,242.25
2024-08-04T19:13:27.994456532Z,241.2810059
2024-08-04T19:13:58.102638567Z,241.74000549316406
2024-08-04T19:14:28.209812785Z,241.38299560546875
2024-08-04T19:14:58.316272989Z,241.7570037841797
2024-08-04T19:15:28.423325834Z,240.97500610351562
2024-08-04T19:15:58.534112866Z,241.39999389648438
2024-08-04T19:16:28.640748057Z,241.38299560546875
2024-08-04T19:16:58.748606078Z,240.9239959716797
2024-08-04T19:17:28.876704756Z,241.39999389648438
2024-08-04T19:18:59.142280063Z,240.97500610351562
2024-08-04T19:19:29.249188474Z,241.79100036621094
2024-08-04T19:19:59.355423635Z,241.39999389648438
2024-08-04T19:20:29.463565852Z,240.9409942626953
2024-08-04T19:20:59.572372474Z,241.41700744628906
2024-08-04T19:21:29.681669248Z,241.29800415039062
2024-08-04T19:21:59.789076695Z,241.3489990234375
2024-08-04T19:22:29.900216525Z,241.80799865722656
2024-08-04T19:23:00.006806897Z,241.0260009765625
2024-08-04T19:23:30.11604675Z,241.70599365234375
2024-08-04T19:24:00.222284361Z,241.3489990234375
2024-08-04T19:24:30.326893966Z,241.4340057373047
2024-08-04T19:25:00.435051977Z,241.00900268554688
2024-08-04T19:25:30.541646186Z,241.39999389648438
2024-08-04T19:26:00.650252702Z,240.97500610351562
2024-08-04T19:26:30.759202636Z,241.46800231933594
2024-08-04T19:27:00.864819974Z,242.26699829101562
2024-08-04T19:27:30.971036364Z,242.19900512695312
2024-08-04T19:28:01.078100636Z,241.38299560546875
2024-08-04T19:28:31.182717218Z,241.46800231933594
2024-08-04T19:29:01.28882636Z,241.55299377441406
2024-08-04T19:29:31.394321684Z,241.05999755859375
2024-08-04T19:30:01.500730706Z,241.4510040283203
2024-08-04T19:30:31.606953921Z,241.5019989013672
2024-08-04T19:31:01.712853372Z,242.30099487304688
2024-08-04T19:31:31.818357192Z,241.48500061035156
2024-08-04T19:32:01.925507148Z,241.46800231933594
2024-08-04T19:32:32.031562138Z,241.5019989013672
2024-08-04T19:33:02.138514749Z,241.46800231933594
2024-08-04T19:33:32.251809094Z,241.4340057373047
2024-08-04T19:34:02.355202075Z,241.48500061035156
2024-08-04T19:34:32.4632882Z,241.89300537109375
2024-08-04T19:35:02.571604801Z,241.5189971923828
2024-08-04T19:36:02.769756879Z,241.89300537109375
2024-08-04T19:36:32.878513023Z,241.4340057373047
2024-08-04T19:37:02.984032507Z,242.3179931640625
2024-08-04T19:37:33.093138384Z,241.0939941
2024-08-04T19:38:03.198290104Z,241.14500427246094
2024-08-04T19:38:33.306451904Z,241.4340057373047
2024-08-04T19:39:03.414868712Z,241.89300537109375
2024-08-04T19:39:33.515995483Z,241.05999755859375
2024-08-04T19:40:03.616020261Z,241.5189971923828
2024-08-04T19:40:33.718823394Z,241.48500061035156
2024-08-04T19:41:03.820624014Z,241.927002
2024-08-04T19:41:33.922081066Z,241.5019989013672
2024-08-04T19:42:04.022759065Z,241.48500061035156
2024-08-04T19:42:34.127283661Z,241.55299377441406
2024-08-04T19:43:04.228935179Z,241.5189971923828
2024-08-04T19:43:34.331536243Z,241.5019989013672
2024-08-04T19:44:04.436480284Z,241.0939941
2024-08-04T19:44:34.670826743Z,241.94400024414062
2024-08-04T19:45:04.775656702Z,241.5189971923828
2024-08-04T19:45:34.882060922Z,241.55299377441406
2024-08-04T19:46:04.989335142Z,241.48500061035156
2024-08-04T19:46:35.09354344Z,241.927002
2024-08-04T19:47:05.199824602Z,241.14500427246094
2024-08-04T19:47:35.313964993Z,241.5019989013672
2024-08-04T19:48:05.41498858Z,241.94400024414062
2024-08-04T19:48:35.525624882Z,241.89300537109375
2024-08-04T19:49:05.63188015Z,241.58700561523438
2024-08-04T19:49:35.738410341Z,241.53599548339844
2024-08-04T19:50:05.844280534Z,241.94400024414062
2024-08-04T19:50:35.952240707Z,241.5019989013672
2024-08-04T19:51:06.067360216Z,242.36900329589844
2024-08-04T19:51:36.170697763Z,241.5189971923828
2024-08-04T19:52:06.277697234Z,241.1280059814453
2024-08-04T19:52:36.38528531Z,241.96099853515625
2024-08-04T19:53:06.492098348Z,241.927002
2024-08-04T19:53:36.599029713Z,241.53599548339844
2024-08-04T19:54:06.705747885Z,242.3520050048828
2024-08-04T19:54:36.814253842Z,241.53599548339844
2024-08-04T19:55:06.92718135Z,241.91000366210938
2024-08-04T19:55:37.031391451Z,241.55299377441406
2024-08-04T19:56:07.136874216Z,241.48500061035156
2024-08-04T19:57:07.33897582Z,241.53599548339844
2024-08-04T19:57:37.447313888Z,241.96099853515625
2024-08-04T19:58:07.556350391Z,241.53599548339844
2024-08-04T19:58:37.663491608Z,241.1280059814453
2024-08-04T19:59:07.771408585Z,241.5019989013672
2024-08-04T19:59:37.878803925Z,241.48500061035156
2024-08-04T20:00:07.987322356Z,241.53599548339844
2024-08-04T20:00:38.097230772Z,241.94400024414062
2024-08-04T20:01:08.206471439Z,241.46800231933594
2024-08-04T20:01:38.318228375Z,241.89300537109375
2024-08-04T20:02:08.425080512Z,241.927002
2024-08-04T20:02:38.535973347Z,241.4510040283203
2024-08-04T20:03:38.747762716Z,241.5019989013672
2024-08-04T20:04:08.860156791Z,241.53599548339844
2024-08-04T20:04:38.974501038Z,241.5189971923828
2024-08-04T20:05:09.086523646Z,241.5019989013672
2024-08-04T20:05:39.19925019Z,241.55299377441406
2024-08-04T20:06:09.305361856Z,241.80799865722656
2024-08-04T20:06:39.412759223Z,241.53599548339844
2024-08-04T20:07:09.519327782Z,241.14500427246094
2024-08-04T20:07:39.625463332Z,241.96099853515625
2024-08-04T20:08:09.735736036Z,241.55299377441406
2024-08-04T20:09:40.023447561Z,241.14500427246094
2024-08-04T20:10:10.129338203Z,241.1280059814453
2024-08-04T20:10:40.236608216Z,241.55299377441406
2024-08-04T20:11:40.43459223Z,241.07699584960938
2024-08-04T20:12:10.541799337Z,241.55299377441406
2024-08-04T20:12:40.649584065Z,241.94400024414062
2024-08-04T20:13:10.757443537Z,241.53599548339844
2024-08-04T20:13:40.86392478Z,241.94400024414062
2024-08-04T20:14:10.970268441Z,241.55299377441406
2024-08-04T20:14:41.076532224Z,241.58700561523438
2024-08-04T20:15:41.269580643Z,241.9949951171875
2024-08-04T20:16:11.373980349Z,241.58700561523438
2024-08-04T20:16:41.48366486Z,241.62100219726562
2024-08-04T20:17:11.584127415Z,241.94400024414062
2024-08-04T20:17:41.691514034Z,241.97799682617188
2024-08-04T20:18:11.796939302Z,241.9949951171875
2024-08-04T20:18:41.903175284Z,241.5189971923828
2024-08-04T20:19:12.011707244Z,241.1280059814453
2024-08-04T20:19:42.119497162Z,241.53599548339844
2024-08-04T20:20:12.226401066Z,241.58700561523438
2024-08-04T20:20:42.336669405Z,241.5189971923828
2024-08-04T20:21:12.443733549Z,242.38600158691406
2024-08-04T20:21:42.552176159Z,241.58700561523438
2024-08-04T20:22:12.657323652Z,241.55299377441406
2024-08-04T20:22:42.76327801Z,241.62100219726562
2024-08-04T20:23:12.868266935Z,241.58700561523438
2024-08-04T20:23:42.976101857Z,241.6040039
2024-08-04T20:24:13.08430988Z,241.91000366210938
2024-08-04T20:24:43.189828705Z,241.9949951171875
2024-08-04T20:25:13.296856338Z,241.96099853515625
2024-08-04T20:25:43.409402965Z,241.53599548339844
2024-08-04T20:26:13.516804114Z,241.5189971923828
2024-08-04T20:26:43.626219817Z,241.96099853515625
2024-08-04T20:27:13.746175053Z,241.89300537109375
2024-08-04T20:27:43.85611297Z,241.5019989013672
2024-08-04T20:28:13.967508934Z,241.57000732421875
2024-08-04T20:28:44.07879403Z,241.5019989013672
2024-08-04T20:29:14.185036877Z,241.85899353027344
2024-08-04T20:29:44.291701058Z,242.4029998779297
2024-08-04T20:30:14.400042479Z,241.53599548339844
2024-08-04T20:32:14.781042908Z,242.4199981689453
2024-08-04T20:32:44.888856995Z,241.58700561523438
2024-08-04T20:33:14.996089922Z,241.96099853515625
2024-08-04T20:33:45.104424103Z,242.38600158691406
2024-08-04T20:34:15.210009632Z,241.94400024414062
2024-08-04T20:34:45.316446904Z,241.97799682617188
2024-08-04T20:35:15.426288603Z,241.53599548339844
2024-08-04T20:35:45.534182725Z,241.55299377441406
2024-08-04T20:36:15.642942183Z,241.94400024414062
2024-08-04T20:36:45.752092582Z,241.53599548339844
2024-08-04T20:37:15.860485162Z,241.94400024414062
2024-08-04T20:37:45.966270436Z,241.53599548339844
2024-08-04T20:38:16.077118023Z,241.1280059814453
2024-08-04T20:38:46.180241853Z,241.5019989013672
2024-08-04T20:39:16.285157969Z,241.97799682617188
2024-08-04T20:39:46.392245377Z,241.5019989013672
2024-08-04T20:40:16.49983405Z,241.58700561523438
2024-08-04T20:40:46.605707505Z,241.14500427246094
2024-08-04T20:41:16.711832352Z,241.53599548339844
2024-08-04T20:42:16.906250787Z,242.4029998779297
2024-08-04T20:42:47.012252577Z,241.97799682617188
2024-08-04T20:43:17.121212308Z,241.55299377441406
2024-08-04T20:43:47.229362357Z,241.58700561523438
2024-08-04T20:44:17.33871851Z,241.48500061035156
2024-08-04T20:44:47.448866726Z,241.91000366210938
2024-08-04T20:45:17.558671812Z,241.5019989013672
2024-08-04T20:45:47.662928423Z,241.46800231933594
2024-08-04T20:46:17.768548148Z,241.96099853515625
2024-08-04T20:46:47.875441205Z,241.55299377441406
2024-08-04T20:47:48.079890374Z,242.3520050048828
2024-08-04T20:48:18.191700633Z,241.927002
2024-08-04T20:48:48.299545115Z,241.1280059814453
2024-08-04T20:49:18.411207412Z,241.5019989013672
2024-08-04T20:50:18.600822307Z,241.97799682617188
2024-08-04T20:50:48.708567939Z,241.94400024414062
2024-08-04T20:51:48.90579008Z,241.91000366210938
2024-08-04T20:52:19.014603887Z,241.94400024414062
2024-08-04T20:52:49.12025332Z,241.57000732421875
2024-08-04T20:53:19.226235484Z,241.07699584960938
2024-08-04T20:53:49.335286857Z,241.46800231933594
2024-08-04T20:54:19.443035548Z,241.5019989013672
2024-08-04T20:54:49.550003666Z,241.0939941
2024-08-04T20:55:19.656626926Z,241.11099243164062
2024-08-04T20:56:19.853576709Z,241.927002
2024-08-04T20:56:49.959594194Z,241.5189971923828
2024-08-04T20:57:20.067052974Z,241.94400024414062
2024-08-04T20:57:50.174838898Z,241.53599548339844
2024-08-04T20:58:20.28691865Z,241.5019989013672
2024-08-04T20:58:50.397361066Z,240.99200439453125
2024-08-04T20:59:20.51153006Z,241.5019989013672
2024-08-04T21:00:20.717688835Z,241.55299377441406
2024-08-04T21:00:50.820816268Z,241.5019989013672
2024-08-04T21:01:20.9298899Z,241.57000732421875
2024-08-04T21:01:51.03734053Z,241.5019989013672
2024-08-04T21:02:21.145321517Z,241.6040039
2024-08-04T21:02:51.253000663Z,241.94400024414062
2024-08-04T21:03:51.457777818Z,241.11099243164062
2024-08-04T21:04:21.572694665Z,241.8419952392578
2024-08-04T21:04:51.680292145Z,241.5019989013672
2024-08-04T21:05:21.787119999Z,241.55299377441406
2024-08-04T21:05:51.895191268Z,241.11099243164062
2024-08-04T21:06:22.005959137Z,241.91000366210938
2024-08-04T21:06:52.112970951Z,241.89300537109375
2024-08-04T21:07:22.222088198Z,241.55299377441406
2024-08-04T21:07:52.333187296Z,241.53599548339844
2024-08-04T21:08:22.44704291Z,241.46800231933594
2024-08-04T21:09:22.657506711Z,241.85899353027344
2024-08-04T21:09:52.765225196Z,241.46800231933594
2024-08-04T21:10:22.872070229Z,241.05999755859375
2024-08-04T21:10:52.980418067Z,241.5019989013672
2024-08-04T21:11:23.087168469Z,241.14500427246094
2024-08-04T21:11:53.188242034Z,241.46800231933594
2024-08-04T21:12:23.294345545Z,241.927002
2024-08-04T21:12:53.400677708Z,241.96099853515625
2024-08-04T21:13:23.508349296Z,241.53599548339844
2024-08-04T21:13:53.614393752Z,241.1280059814453
2024-08-04T21:14:23.719885346Z,241.94400024414062
2024-08-04T21:14:53.825336103Z,241.57000732421875
2024-08-04T21:15:23.931232033Z,241.48500061035156
2024-08-04T21:15:54.036682839Z,241.96099853515625
2024-08-04T21:16:24.145252408Z,241.5019989013672
2024-08-04T21:17:24.337854889Z,241.48500061035156
2024-08-04T21:17:54.442524797Z,241.97799682617188
2024-08-04T21:18:24.555480565Z,241.87600708007812
2024-08-04T21:18:54.671015961Z,241.85899353027344
2024-08-04T21:19:24.77642509Z,241.48500061035156
2024-08-04T21:19:54.882294541Z,241.5189971923828
2024-08-04T21:20:24.98822624Z,241.53599548339844
2024-08-04T21:20:55.095282269Z,241.94400024414062
2024-08-04T21:21:25.201077855Z,241.48500061035156
2024-08-04T21:21:55.31333359Z,241.46800231933594
2024-08-04T21:22:55.522889578Z,241.41700744628906
2024-08-04T21:23:25.625648296Z,241.0939941
2024-08-04T21:23:55.730697827Z,241.53599548339844
2024-08-04T21:24:25.837028658Z,241.94400024414062
2024-08-04T21:24:55.945583737Z,241.53599548339844
2024-08-04T21:25:26.052425983Z,241.46800231933594
2024-08-04T21:25:56.161114254Z,241.48500061035156
2024-08-04T21:26:26.267897576Z,241.89300537109375
2024-08-04T21:26:56.373586151Z,241.46800231933594
2024-08-04T21:27:26.479545749Z,241.0939941
2024-08-04T21:27:56.584505359Z,241.927002
2024-08-04T21:28:26.690386472Z,241.5019989013672
2024-08-04T21:28:56.7964525Z,241.927002
2024-08-04T21:29:26.902794786Z,241.11099243164062
2024-08-04T21:29:57.011514593Z,241.48500061035156
2024-08-04T21:30:57.215215849Z,241.5019989013672
2024-08-04T21:31:57.415643424Z,241.87600708007812
2024-08-04T21:32:27.521843313Z,241.927002
2024-08-04T21:32:57.635288151Z,241.8419952392578
2024-08-04T21:33:27.729877774Z,241.48500061035156
2024-08-04T21:33:57.837915107Z,241.5019989013672
2024-08-04T21:34:27.947159232Z,240.99200439453125
2024-08-04T21:34:58.054940636Z,241.87600708007812
2024-08-04T21:35:28.161603027Z,241.4340057373047
2024-08-04T21:35:58.269511947Z,241.41700744628906
2024-08-04T21:36:28.376612182Z,241.38299560546875
2024-08-04T21:36:58.485380421Z,241.85899353027344
2024-08-04T21:37:28.592852811Z,241.38299560546875
2024-08-04T21:37:58.699838958Z,241.00900268554688
2024-08-04T21:38:28.807824889Z,241.38299560546875
2024-08-04T21:38:58.916769186Z,241.41700744628906
2024-08-04T21:39:29.024946264Z,241.3489990234375
2024-08-04T21:39:59.134795778Z,240.99200439453125
2024-08-04T21:40:29.241022579Z,241.0260009765625
2024-08-04T21:41:29.43391848Z,241.80799865722656
2024-08-04T21:41:59.539501351Z,241.4510040283203
2024-08-04T21:42:29.647420449Z,240.99200439453125
2024-08-04T21:42:59.753762841Z,240.97500610351562
2024-08-04T21:43:29.864864873Z,241.00900268554688
2024-08-04T21:43:59.973073913Z,241.38299560546875
2024-08-04T21:44:30.077566995Z,240.90699768066406
2024-08-04T21:45:00.182670706Z,241.36599731445312
2024-08-04T21:45:30.290204655Z,241.8249969482422
2024-08-04T21:46:00.397350801Z,241.3489990234375
2024-08-04T21:46:30.504151294Z,240.97500610351562
2024-08-04T21:47:00.611205468Z,241.38299560546875
2024-08-04T21:47:30.726239606Z,241.72300720214844
2024-08-04T21:48:00.841301821Z,241.29800415039062
2024-08-04T21:48:30.95597799Z,240.95799255371094
2024-08-04T21:49:01.063509119Z,240.9409942626953
2024-08-04T21:49:31.176303349Z,240.9239959716797
2024-08-04T21:50:01.288059804Z,241.29800415039062
2024-08-04T21:50:31.395505209Z,241.31500244140625
2024-08-04T21:51:01.503469629Z,240.95799255371094
2024-08-04T21:51:31.617979516Z,240.88999938964844
2024-08-04T21:52:01.732204368Z,241.2469940185547
2024-08-04T21:52:31.846786135Z,241.7570037841797
2024-08-04T21:53:01.955896838Z,241.74000549316406
2024-08-04T21:53:32.064780326Z,240.88999938964844
2024-08-04T21:54:02.174353299Z,241.29800415039062
2024-08-04T21:54:32.282144391Z,241.33200073242188
2024-08-04T21:55:02.396031581Z,241.36599731445312
2024-08-04T21:55:32.498476874Z,241.70599365234375
2024-08-04T21:56:02.6058518Z,241.33200073242188
2024-08-04T21:56:32.712528104Z,241.3489990234375
2024-08-04T21:57:02.81961639Z,241.79100036621094
2024-08-04T21:57:32.928801877Z,242.1820068359375
2024-08-04T21:58:03.038415876Z,241.3489990234375
2024-08-04T21:58:33.150771644Z,241.74000549316406
2024-08-04T21:59:03.262307257Z,241.33200073242188
2024-08-04T21:59:33.372703564Z,240.9409942626953
2024-08-04T22:00:03.483646022Z,241.70599365234375
2024-08-04T22:00:33.593506027Z,241.7740020751953
2024-08-04T22:01:03.706862216Z,240.9239959716797
2024-08-04T22:01:33.8148861Z,241.7570037841797
2024-08-04T22:02:03.925773178Z,241.7740020751953
2024-08-04T22:02:34.038079998Z,241.3489990234375
2024-08-04T22:03:04.150048745Z,241.74000549316406
2024-08-04T22:03:34.261923589Z,241.7570037841797
2024-08-04T22:04:04.372805055Z,240.9239959716797
2024-08-04T22:04:34.4856708Z,241.72300720214844
2024-08-04T22:05:04.59758631Z,241.31500244140625
2024-08-04T22:05:34.711135457Z,241.7570037841797
2024-08-04T22:06:04.821225278Z,241.70599365234375
2024-08-04T22:06:34.934007288Z,241.3489990234375
2024-08-04T22:07:05.047244462Z,241.26400756835938
2024-08-04T22:07:35.159146791Z,241.7740020751953
2024-08-04T22:08:05.271242274Z,241.29800415039062
2024-08-04T22:09:05.477184774Z,241.74000549316406
2024-08-04T22:09:35.588216043Z,241.29800415039062
2024-08-04T22:10:05.69905025Z,241.3489990234375
2024-08-04T22:10:35.811307577Z,241.74000549316406
2024-08-04T22:11:05.924355274Z,240.90699768066406
2024-08-04T22:11:36.03388364Z,241.7570037841797
2024-08-04T22:12:06.144239987Z,240.9409942626953
2024-08-04T22:12:36.253840466Z,241.4340057373047
2024-08-04T22:13:06.366193586Z,241.7570037841797
2024-08-04T22:14:06.575775071Z,241.74000549316406
2024-08-04T22:14:36.688905012Z,241.2810059
2024-08-04T22:15:06.803953132Z,241.7570037841797
2024-08-04T22:16:07.009142212Z,241.72300720214844
2024-08-04T22:16:37.125235185Z,241.31500244140625
2024-08-04T22:17:07.236649176Z,241.29800415039062
2024-08-04T22:17:37.347029422Z,241.2810059
2024-08-04T22:18:07.459331127Z,241.7740020751953
2024-08-04T22:18:37.570461255Z,241.33200073242188
2024-08-04T22:19:37.774299372Z,242.1649932861328
2024-08-04T22:20:07.886420225Z,241.2810059
2024-08-04T22:20:38.000437335Z,240.88999938964844
2024-08-04T22:21:08.108737412Z,241.74000549316406
2024-08-04T22:21:38.222367764Z,241.33200073242188
2024-08-04T22:22:08.33990557Z,241.22999572753906
2024-08-04T22:22:38.451642845Z,240.88999938964844
2024-08-04T22:23:08.562337116Z,241.7570037841797
2024-08-04T22:24:08.771239769Z,241.31500244140625
2024-08-04T22:24:38.884700079Z,241.70599365234375
2024-08-04T22:25:08.994847483Z,241.3489990234375
2024-08-04T22:25:39.107748831Z,241.36599731445312
2024-08-04T22:26:09.226278918Z,241.70599365234375
2024-08-04T22:26:39.343731821Z,241.65499877929688
2024-08-04T22:27:09.461255308Z,241.3489990234375
2024-08-04T22:27:39.568532483Z,241.31500244140625
2024-08-04T22:28:09.679566911Z,240.90699768066406
2024-08-04T22:28:39.79220575Z,241.36599731445312
2024-08-04T22:29:09.903622038Z,241.3489990234375
2024-08-04T22:29:40.016952153Z,241.72300720214844
2024-08-04T22:30:10.130130182Z,241.33200073242188
2024-08-04T22:30:40.242416789Z,241.3489990234375
2024-08-04T22:31:10.355314978Z,241.29800415039062
2024-08-04T22:31:40.466854498Z,240.8730010986328
2024-08-04T22:32:10.580183836Z,241.2810059
2024-08-04T22:32:40.694957114Z,241.2469940185547
2024-08-04T22:33:10.807956382Z,241.33200073242188
2024-08-04T22:33:40.920627975Z,241.3489990234375
2024-08-04T22:34:11.032019613Z,241.31500244140625
2024-08-04T22:35:11.238992475Z,241.2469940185547
2024-08-04T22:35:41.351255494Z,241.26400756835938
2024-08-04T22:36:11.462131094Z,241.33200073242188
2024-08-04T22:36:41.574875053Z,240.8730010986328
2024-08-04T22:37:11.689127043Z,240.88999938964844
2024-08-04T22:37:41.809529271Z,241.74000549316406
2024-08-04T22:38:11.922194044Z,241.22999572753906
2024-08-04T22:38:42.04135887Z,242.01199340820312
2024-08-04T22:39:12.160270005Z,241.62100219726562
2024-08-04T22:39:42.273072677Z,241.26400756835938
2024-08-04T22:40:12.390320024Z,241.2469940185547
2024-08-04T22:40:42.510870786Z,241.63800048828125
2024-08-04T22:41:12.620660795Z,242.0970001220703
2024-08-04T22:41:42.731102224Z,241.68899536132812
2024-08-04T22:42:12.842324546Z,241.29800415039062
2024-08-04T22:42:42.952419756Z,241.63800048828125
2024-08-04T22:43:13.063984377Z,241.31500244140625
2024-08-04T22:43:43.176049806Z,241.65499877929688
2024-08-04T22:44:13.287364086Z,241.1959991455078
2024-08-04T22:44:43.399047364Z,241.2469940185547
2024-08-04T22:45:13.510101429Z,241.16200256347656
2024-08-04T22:45:43.619332265Z,241.55299377441406
2024-08-04T22:46:13.72834059Z,241.04299926757812
2024-08-04T22:46:43.838086268Z,238.95199584960938
2024-08-04T22:47:14.005437321Z,1196.510986328125
